state_id,source,concurrence,label
0,separable,3.332000937312528e-08,0
1,separable,0.0,0
2,separable,3.650024149988857e-08,0
3,separable,0.0,0
4,separable,2.5809568279517847e-08,0
5,separable,2.1073424255447017e-08,0
6,separable,3.650024149988857e-08,0
7,separable,0.0,0
8,separable,,0
9,separable,,0
10,separable,2.1073424255447017e-08,0
11,separable,,0
12,separable,,0
13,separable,0.0,0
14,separable,,0
15,separable,2.1073424255447017e-08,0
16,separable,1.4901161193847656e-08,0
17,separable,0.0,0
18,separable,2.1073424255447017e-08,0
19,separable,0.0,0
20,separable,2.1073424255447017e-08,0
21,separable,0.0,0
22,separable,3.942476676500724e-08,0
23,separable,0.0,0
24,separable,1.4901161193847656e-08,0
25,separable,0.0,0
26,separable,0.0,0
27,separable,1.4901161193847656e-08,0
28,separable,2.5809568279517847e-08,0
29,separable,,0
30,separable,,0
31,separable,2.5809568279517847e-08,0
32,separable,,0
33,separable,,0
34,separable,2.1073424255447017e-08,0
35,separable,,0
36,separable,0.0,0
37,separable,,0
38,separable,,0
39,separable,,0
40,separable,2.5809568279517847e-08,0
41,separable,2.5809568279517847e-08,0
42,separable,,0
43,separable,,0
44,separable,2.9802322387695312e-08,0
45,separable,1.4901161193847656e-08,0
46,separable,,0
47,separable,,0
48,separable,0.0,0
49,separable,3.650024149988857e-08,0
50,separable,0.0,0
51,separable,0.0,0
52,separable,2.1073424255447017e-08,0
53,separable,,0
54,separable,0.0,0
55,separable,,0
56,separable,,0
57,separable,2.5809568279517847e-08,0
58,separable,3.650024149988857e-08,0
59,separable,,0
60,separable,0.0,0
61,separable,,0
62,separable,2.9802322387695312e-08,0
63,separable,4.2146848510894035e-08,0
64,separable,,0
65,separable,1.4901161193847656e-08,0
66,separable,3.650024149988857e-08,0
67,separable,3.650024149988857e-08,0
68,separable,1.4901161193847656e-08,0
69,separable,,0
70,separable,0.0,0
71,separable,,0
72,separable,3.650024149988857e-08,0
73,separable,,0
74,separable,2.1073424255447017e-08,0
75,separable,2.1073424255447017e-08,0
76,separable,2.1073424255447017e-08,0
77,separable,,0
78,separable,0.0,0
79,separable,2.9802322387695312e-08,0
80,separable,,0
81,separable,2.1073424255447017e-08,0
82,separable,,0
83,separable,,0
84,separable,5.5755039852469285e-08,0
85,separable,1.4901161193847656e-08,0
86,separable,,0
87,separable,2.1073424255447017e-08,0
88,separable,2.1073424255447017e-08,0
89,separable,2.1073424255447017e-08,0
90,separable,3.650024149988857e-08,0
91,separable,0.0,0
92,separable,3.332000937312528e-08,0
93,separable,,0
94,separable,,0
95,separable,1.4901161193847656e-08,0
96,separable,,0
97,separable,,0
98,separable,4.2146848510894035e-08,0
99,separable,1.4901161193847656e-08,0
100,separable,,0
101,separable,0.0,0
102,separable,2.9802322387695312e-08,0
103,separable,,0
104,separable,1.4901161193847656e-08,0
105,separable,0.0,0
106,separable,2.1073424255447017e-08,0
107,separable,4.470348358154297e-08,0
108,separable,,0
109,separable,,0
110,separable,4.470348358154297e-08,0
111,separable,,0
112,separable,0.0,0
113,separable,2.5809568279517847e-08,0
114,separable,,0
115,separable,2.9802322387695312e-08,0
116,separable,2.1073424255447017e-08,0
117,separable,3.332000937312528e-08,0
118,separable,3.332000937312528e-08,0
119,separable,1.4901161193847656e-08,0
120,separable,,0
121,separable,,0
122,separable,,0
123,separable,,0
124,separable,3.650024149988857e-08,0
125,separable,2.9802322387695312e-08,0
126,separable,2.1073424255447017e-08,0
127,separable,0.0,0
128,separable,0.0,0
129,separable,2.9802322387695312e-08,0
130,separable,2.1073424255447017e-08,0
131,separable,0.0,0
132,separable,1.4901161193847656e-08,0
133,separable,,0
134,separable,1.4901161193847656e-08,0
135,separable,,0
136,separable,,0
137,separable,,0
138,separable,,0
139,separable,2.1073424255447017e-08,0
140,separable,2.1073424255447017e-08,0
141,separable,0.0,0
142,separable,,0
143,separable,1.4901161193847656e-08,0
144,separable,,0
145,separable,,0
146,separable,,0
147,separable,,0
148,separable,,0
149,separable,,0
150,separable,2.1073424255447017e-08,0
151,separable,2.5809568279517847e-08,0
152,separable,0.0,0
153,separable,,0
154,separable,3.650024149988857e-08,0
155,separable,2.9802322387695312e-08,0
156,separable,,0
157,separable,,0
158,separable,2.9802322387695312e-08,0
159,separable,3.650024149988857e-08,0
160,separable,,0
161,separable,2.1073424255447017e-08,0
162,separable,3.332000937312528e-08,0
163,separable,3.942476676500724e-08,0
164,separable,,0
165,separable,,0
166,separable,,0
167,separable,2.5809568279517847e-08,0
168,separable,0.0,0
169,separable,,0
170,separable,,0
171,separable,,0
172,separable,0.0,0
173,separable,2.1073424255447017e-08,0
174,separable,0.0,0
175,separable,2.9802322387695312e-08,0
176,separable,2.1073424255447017e-08,0
177,separable,1.4901161193847656e-08,0
178,separable,,0
179,separable,,0
180,separable,0.0,0
181,separable,,0
182,separable,,0
183,separable,2.1073424255447017e-08,0
184,separable,3.650024149988857e-08,0
185,separable,,0
186,separable,,0
187,separable,2.9802322387695312e-08,0
188,separable,,0
189,separable,,0
190,separable,1.4901161193847656e-08,0
191,separable,,0
192,separable,0.0,0
193,separable,,0
194,separable,2.1073424255447017e-08,0
195,separable,,0
196,separable,,0
197,separable,0.0,0
198,separable,,0
199,separable,0.0,0
200,separable,,0
201,separable,,0
202,separable,3.332000937312528e-08,0
203,separable,,0
204,separable,,0
205,separable,,0
206,separable,,0
207,separable,2.5809568279517847e-08,0
208,separable,4.2146848510894035e-08,0
209,separable,1.4901161193847656e-08,0
210,separable,,0
211,separable,3.332000937312528e-08,0
212,separable,0.0,0
213,separable,3.332000937312528e-08,0
214,separable,,0
215,separable,3.942476676500724e-08,0
216,separable,,0
217,separable,,0
218,separable,2.9802322387695312e-08,0
219,separable,,0
220,separable,0.0,0
221,separable,0.0,0
222,separable,,0
223,separable,,0
224,separable,2.1073424255447017e-08,0
225,separable,2.1073424255447017e-08,0
226,separable,0.0,0
227,separable,3.332000937312528e-08,0
228,separable,0.0,0
229,separable,,0
230,separable,5.1619136559035694e-08,0
231,separable,2.5809568279517847e-08,0
232,separable,,0
233,separable,4.2146848510894035e-08,0
234,separable,3.650024149988857e-08,0
235,separable,,0
236,separable,,0
237,separable,2.1073424255447017e-08,0
238,separable,,0
239,separable,0.0,0
240,separable,4.2146848510894035e-08,0
241,separable,0.0,0
242,separable,0.0,0
243,separable,0.0,0
244,separable,,0
245,separable,0.0,0
246,separable,,0
247,separable,2.9802322387695312e-08,0
248,separable,0.0,0
249,separable,0.0,0
250,separable,0.0,0
251,separable,1.4901161193847656e-08,0
252,separable,2.9802322387695312e-08,0
253,separable,0.0,0
254,separable,2.1073424255447017e-08,0
255,separable,2.9802322387695312e-08,0
256,separable,,0
257,separable,,0
258,separable,2.1073424255447017e-08,0
259,separable,2.5809568279517847e-08,0
260,separable,3.650024149988857e-08,0
261,separable,,0
262,separable,2.1073424255447017e-08,0
263,separable,,0
264,separable,,0
265,separable,,0
266,separable,2.1073424255447017e-08,0
267,separable,0.0,0
268,separable,,0
269,separable,,0
270,separable,3.942476676500724e-08,0
271,separable,,0
272,separable,2.1073424255447017e-08,0
273,separable,,0
274,separable,2.5809568279517847e-08,0
275,separable,,0
276,separable,2.9802322387695312e-08,0
277,separable,0.0,0
278,separable,4.470348358154297e-08,0
279,separable,,0
280,separable,,0
281,separable,,0
282,separable,,0
283,separable,2.9802322387695312e-08,0
284,separable,2.9802322387695312e-08,0
285,separable,4.470348358154297e-08,0
286,separable,3.650024149988857e-08,0
287,separable,0.0,0
288,separable,3.650024149988857e-08,0
289,separable,0.0,0
290,separable,,0
291,separable,3.942476676500724e-08,0
292,separable,2.1073424255447017e-08,0
293,separable,,0
294,separable,3.650024149988857e-08,0
295,separable,4.712160915387242e-08,0
296,separable,2.1073424255447017e-08,0
297,separable,2.1073424255447017e-08,0
298,separable,,0
299,separable,0.0,0
300,separable,,0
301,separable,3.332000937312528e-08,0
302,separable,3.332000937312528e-08,0
303,separable,,0
304,separable,4.2146848510894035e-08,0
305,separable,0.0,0
306,separable,3.942476676500724e-08,0
307,separable,3.650024149988857e-08,0
308,separable,,0
309,separable,2.5809568279517847e-08,0
310,separable,,0
311,separable,,0
312,separable,,0
313,separable,2.1073424255447017e-08,0
314,separable,4.712160915387242e-08,0
315,separable,2.5809568279517847e-08,0
316,separable,,0
317,separable,,0
318,separable,,0
319,separable,1.4901161193847656e-08,0
320,separable,1.4901161193847656e-08,0
321,separable,2.1073424255447017e-08,0
322,separable,,0
323,separable,0.0,0
324,separable,0.0,0
325,separable,,0
326,separable,,0
327,separable,2.9802322387695312e-08,0
328,separable,,0
329,separable,,0
330,separable,,0
331,separable,0.0,0
332,separable,,0
333,separable,1.4901161193847656e-08,0
334,separable,3.332000937312528e-08,0
335,separable,0.0,0
336,separable,4.2146848510894035e-08,0
337,separable,4.712160915387242e-08,0
338,separable,,0
339,separable,,0
340,separable,4.712160915387242e-08,0
341,separable,,0
342,separable,,0
343,separable,,0
344,separable,,0
345,separable,,0
346,separable,3.650024149988857e-08,0
347,separable,0.0,0
348,separable,,0
349,separable,0.0,0
350,separable,0.0,0
351,separable,,0
352,separable,3.650024149988857e-08,0
353,separable,3.650024149988857e-08,0
354,separable,4.470348358154297e-08,0
355,separable,4.2146848510894035e-08,0
356,separable,0.0,0
357,separable,,0
358,separable,3.942476676500724e-08,0
359,separable,,0
360,separable,4.2146848510894035e-08,0
361,separable,,0
362,separable,,0
363,separable,,0
364,separable,0.0,0
365,separable,,0
366,separable,0.0,0
367,separable,0.0,0
368,separable,2.9802322387695312e-08,0
369,separable,2.1073424255447017e-08,0
370,separable,2.1073424255447017e-08,0
371,separable,3.332000937312528e-08,0
372,separable,,0
373,separable,0.0,0
374,separable,3.650024149988857e-08,0
375,separable,0.0,0
376,separable,4.470348358154297e-08,0
377,separable,0.0,0
378,separable,,0
379,separable,2.9802322387695312e-08,0
380,separable,1.4901161193847656e-08,0
381,separable,4.2146848510894035e-08,0
382,separable,0.0,0
383,separable,0.0,0
384,separable,0.0,0
385,separable,,0
386,separable,,0
387,separable,,0
388,separable,2.1073424255447017e-08,0
389,separable,1.4901161193847656e-08,0
390,separable,2.1073424255447017e-08,0
391,separable,,0
392,separable,2.9802322387695312e-08,0
393,separable,2.9802322387695312e-08,0
394,separable,2.5809568279517847e-08,0
395,separable,,0
396,separable,4.2146848510894035e-08,0
397,separable,3.650024149988857e-08,0
398,separable,,0
399,separable,3.650024149988857e-08,0
400,separable,,0
401,separable,3.332000937312528e-08,0
402,separable,,0
403,separable,2.5809568279517847e-08,0
404,separable,0.0,0
405,separable,2.9802322387695312e-08,0
406,separable,2.1073424255447017e-08,0
407,separable,,0
408,separable,,0
409,separable,,0
410,separable,,0
411,separable,,0
412,separable,0.0,0
413,separable,2.1073424255447017e-08,0
414,separable,2.1073424255447017e-08,0
415,separable,3.650024149988857e-08,0
416,separable,2.1073424255447017e-08,0
417,separable,,0
418,separable,3.332000937312528e-08,0
419,separable,,0
420,separable,2.1073424255447017e-08,0
421,separable,2.5809568279517847e-08,0
422,separable,,0
423,separable,3.332000937312528e-08,0
424,separable,,0
425,separable,,0
426,separable,,0
427,separable,2.5809568279517847e-08,0
428,separable,0.0,0
429,separable,2.1073424255447017e-08,0
430,separable,0.0,0
431,separable,4.2146848510894035e-08,0
432,separable,2.1073424255447017e-08,0
433,separable,0.0,0
434,separable,3.650024149988857e-08,0
435,separable,,0
436,separable,3.942476676500724e-08,0
437,separable,2.9802322387695312e-08,0
438,separable,,0
439,separable,2.9802322387695312e-08,0
440,separable,0.0,0
441,separable,4.2146848510894035e-08,0
442,separable,,0
443,separable,2.1073424255447017e-08,0
444,separable,,0
445,separable,2.1073424255447017e-08,0
446,separable,,0
447,separable,1.4901161193847656e-08,0
448,separable,,0
449,separable,,0
450,separable,,0
451,separable,3.332000937312528e-08,0
452,separable,,0
453,separable,0.0,0
454,separable,,0
455,separable,,0
456,separable,,0
457,separable,1.4901161193847656e-08,0
458,separable,,0
459,separable,,0
460,separable,2.9802322387695312e-08,0
461,separable,2.1073424255447017e-08,0
462,separable,0.0,0
463,separable,2.1073424255447017e-08,0
464,separable,,0
465,separable,,0
466,separable,2.1073424255447017e-08,0
467,separable,0.0,0
468,separable,,0
469,separable,3.650024149988857e-08,0
470,separable,,0
471,separable,,0
472,separable,,0
473,separable,0.0,0
474,separable,,0
475,separable,,0
476,separable,,0
477,separable,,0
478,separable,,0
479,separable,,0
480,separable,,0
481,separable,,0
482,separable,3.332000937312528e-08,0
483,separable,0.0,0
484,separable,2.1073424255447017e-08,0
485,separable,2.1073424255447017e-08,0
486,separable,3.942476676500724e-08,0
487,separable,,0
488,separable,0.0,0
489,separable,2.1073424255447017e-08,0
490,separable,3.650024149988857e-08,0
491,separable,0.0,0
492,separable,2.9802322387695312e-08,0
493,separable,2.1073424255447017e-08,0
494,separable,2.5809568279517847e-08,0
495,separable,,0
496,separable,0.0,0
497,separable,3.650024149988857e-08,0
498,separable,,0
499,separable,,0
500,separable,4.9421560620597e-08,0
501,separable,,0
502,separable,,0
503,separable,2.1073424255447017e-08,0
504,separable,,0
505,separable,0.0,0
506,separable,0.0,0
507,separable,2.9802322387695312e-08,0
508,separable,,0
509,separable,,0
510,separable,2.1073424255447017e-08,0
511,separable,0.0,0
512,separable,2.9802322387695312e-08,0
513,separable,2.1073424255447017e-08,0
514,separable,0.0,0
515,separable,1.4901161193847656e-08,0
516,separable,,0
517,separable,,0
518,separable,2.9802322387695312e-08,0
519,separable,,0
520,separable,,0
521,separable,2.9802322387695312e-08,0
522,separable,,0
523,separable,,0
524,separable,2.9802322387695312e-08,0
525,separable,2.1073424255447017e-08,0
526,separable,,0
527,separable,0.0,0
528,separable,2.9802322387695312e-08,0
529,separable,5.3726900748371916e-08,0
530,separable,0.0,0
531,separable,,0
532,separable,2.1073424255447017e-08,0
533,separable,0.0,0
534,separable,,0
535,separable,,0
536,separable,2.5809568279517847e-08,0
537,separable,2.1073424255447017e-08,0
538,separable,2.9802322387695312e-08,0
539,separable,0.0,0
540,separable,,0
541,separable,4.712160915387242e-08,0
542,separable,,0
543,separable,2.1073424255447017e-08,0
544,separable,,0
545,separable,,0
546,separable,,0
547,separable,4.470348358154297e-08,0
548,separable,2.1073424255447017e-08,0
549,separable,2.9802322387695312e-08,0
550,separable,,0
551,separable,,0
552,separable,0.0,0
553,separable,0.0,0
554,separable,0.0,0
555,separable,2.1073424255447017e-08,0
556,separable,2.9802322387695312e-08,0
557,separable,,0
558,separable,2.9802322387695312e-08,0
559,separable,3.650024149988857e-08,0
560,separable,2.1073424255447017e-08,0
561,separable,,0
562,separable,,0
563,separable,3.942476676500724e-08,0
564,separable,2.5809568279517847e-08,0
565,separable,1.4901161193847656e-08,0
566,separable,3.332000937312528e-08,0
567,separable,1.4901161193847656e-08,0
568,separable,,0
569,separable,2.5809568279517847e-08,0
570,separable,3.650024149988857e-08,0
571,separable,,0
572,separable,3.650024149988857e-08,0
573,separable,0.0,0
574,separable,,0
575,separable,0.0,0
576,separable,1.4901161193847656e-08,0
577,separable,,0
578,separable,2.9802322387695312e-08,0
579,separable,2.9802322387695312e-08,0
580,separable,,0
581,separable,,0
582,separable,2.1073424255447017e-08,0
583,separable,,0
584,separable,,0
585,separable,,0
586,separable,,0
587,separable,,0
588,separable,0.0,0
589,separable,2.1073424255447017e-08,0
590,separable,2.9802322387695312e-08,0
591,separable,2.5809568279517847e-08,0
592,separable,,0
593,separable,0.0,0
594,separable,0.0,0
595,separable,,0
596,separable,0.0,0
597,separable,,0
598,separable,2.9802322387695312e-08,0
599,separable,2.1073424255447017e-08,0
600,separable,,0
601,separable,,0
602,separable,2.9802322387695312e-08,0
603,separable,3.650024149988857e-08,0
604,separable,0.0,0
605,separable,3.650024149988857e-08,0
606,separable,,0
607,separable,,0
608,separable,,0
609,separable,2.1073424255447017e-08,0
610,separable,,0
611,separable,3.650024149988857e-08,0
612,separable,,0
613,separable,,0
614,separable,3.650024149988857e-08,0
615,separable,0.0,0
616,separable,,0
617,separable,3.650024149988857e-08,0
618,separable,4.2146848510894035e-08,0
619,separable,1.4901161193847656e-08,0
620,separable,4.470348358154297e-08,0
621,separable,2.5809568279517847e-08,0
622,separable,0.0,0
623,separable,3.650024149988857e-08,0
624,separable,,0
625,separable,0.0,0
626,separable,,0
627,separable,0.0,0
628,separable,,0
629,separable,2.5809568279517847e-08,0
630,separable,3.942476676500724e-08,0
631,separable,,0
632,separable,2.9802322387695312e-08,0
633,separable,2.1073424255447017e-08,0
634,separable,1.4901161193847656e-08,0
635,separable,,0
636,separable,3.650024149988857e-08,0
637,separable,3.332000937312528e-08,0
638,separable,2.1073424255447017e-08,0
639,separable,,0
640,separable,,0
641,separable,0.0,0
642,separable,,0
643,separable,3.332000937312528e-08,0
644,separable,,0
645,separable,3.332000937312528e-08,0
646,separable,,0
647,separable,2.9802322387695312e-08,0
648,separable,0.0,0
649,separable,2.1073424255447017e-08,0
650,separable,2.5809568279517847e-08,0
651,separable,0.0,0
652,separable,0.0,0
653,separable,2.1073424255447017e-08,0
654,separable,2.9802322387695312e-08,0
655,separable,,0
656,separable,2.1073424255447017e-08,0
657,separable,2.5809568279517847e-08,0
658,separable,0.0,0
659,separable,0.0,0
660,separable,0.0,0
661,separable,4.470348358154297e-08,0
662,separable,,0
663,separable,2.1073424255447017e-08,0
664,separable,2.1073424255447017e-08,0
665,separable,2.5809568279517847e-08,0
666,separable,2.1073424255447017e-08,0
667,separable,,0
668,separable,2.9802322387695312e-08,0
669,separable,3.332000937312528e-08,0
670,separable,0.0,0
671,separable,,0
672,separable,0.0,0
673,separable,,0
674,separable,0.0,0
675,separable,4.470348358154297e-08,0
676,separable,,0
677,separable,2.9802322387695312e-08,0
678,separable,,0
679,separable,1.4901161193847656e-08,0
680,separable,2.9802322387695312e-08,0
681,separable,2.5809568279517847e-08,0
682,separable,0.0,0
683,separable,3.650024149988857e-08,0
684,separable,,0
685,separable,2.1073424255447017e-08,0
686,separable,2.5809568279517847e-08,0
687,separable,4.712160915387242e-08,0
688,separable,3.332000937312528e-08,0
689,separable,,0
690,separable,0.0,0
691,separable,,0
692,separable,,0
693,separable,,0
694,separable,,0
695,separable,,0
696,separable,,0
697,separable,0.0,0
698,separable,,0
699,separable,,0
700,separable,3.650024149988857e-08,0
701,separable,4.2146848510894035e-08,0
702,separable,2.1073424255447017e-08,0
703,separable,4.2146848510894035e-08,0
704,separable,,0
705,separable,,0
706,separable,3.650024149988857e-08,0
707,separable,,0
708,separable,2.1073424255447017e-08,0
709,separable,2.9802322387695312e-08,0
710,separable,2.1073424255447017e-08,0
711,separable,3.332000937312528e-08,0
712,separable,,0
713,separable,1.4901161193847656e-08,0
714,separable,2.1073424255447017e-08,0
715,separable,0.0,0
716,separable,,0
717,separable,,0
718,separable,,0
719,separable,,0
720,separable,5.7711949142924205e-08,0
721,separable,1.4901161193847656e-08,0
722,separable,3.650024149988857e-08,0
723,separable,2.9802322387695312e-08,0
724,separable,2.1073424255447017e-08,0
725,separable,2.9802322387695312e-08,0
726,separable,,0
727,separable,,0
728,separable,2.9802322387695312e-08,0
729,separable,2.9802322387695312e-08,0
730,separable,0.0,0
731,separable,2.5809568279517847e-08,0
732,separable,0.0,0
733,separable,2.1073424255447017e-08,0
734,separable,2.9802322387695312e-08,0
735,separable,,0
736,separable,2.5809568279517847e-08,0
737,separable,,0
738,separable,,0
739,separable,,0
740,separable,1.4901161193847656e-08,0
741,separable,2.1073424255447017e-08,0
742,separable,0.0,0
743,separable,,0
744,separable,,0
745,separable,3.650024149988857e-08,0
746,separable,0.0,0
747,separable,,0
748,separable,0.0,0
749,separable,1.4901161193847656e-08,0
750,separable,1.4901161193847656e-08,0
751,separable,2.5809568279517847e-08,0
752,separable,1.4901161193847656e-08,0
753,separable,3.332000937312528e-08,0
754,separable,2.9802322387695312e-08,0
755,separable,0.0,0
756,separable,,0
757,separable,3.332000937312528e-08,0
758,separable,2.9802322387695312e-08,0
759,separable,0.0,0
760,separable,1.4901161193847656e-08,0
761,separable,0.0,0
762,separable,2.5809568279517847e-08,0
763,separable,2.9802322387695312e-08,0
764,separable,,0
765,separable,,0
766,separable,0.0,0
767,separable,,0
768,separable,0.0,0
769,separable,,0
770,separable,4.2146848510894035e-08,0
771,separable,,0
772,separable,3.942476676500724e-08,0
773,separable,0.0,0
774,separable,0.0,0
775,separable,,0
776,separable,1.4901161193847656e-08,0
777,separable,,0
778,separable,,0
779,separable,3.650024149988857e-08,0
780,separable,,0
781,separable,2.1073424255447017e-08,0
782,separable,,0
783,separable,,0
784,separable,,0
785,separable,2.5809568279517847e-08,0
786,separable,3.650024149988857e-08,0
787,separable,3.650024149988857e-08,0
788,separable,2.1073424255447017e-08,0
789,separable,4.712160915387242e-08,0
790,separable,0.0,0
791,separable,2.5809568279517847e-08,0
792,separable,2.1073424255447017e-08,0
793,separable,2.5809568279517847e-08,0
794,separable,,0
795,separable,2.9802322387695312e-08,0
796,separable,1.4901161193847656e-08,0
797,separable,3.942476676500724e-08,0
798,separable,,0
799,separable,,0
800,separable,0.0,0
801,separable,3.650024149988857e-08,0
802,separable,,0
803,separable,,0
804,separable,2.9802322387695312e-08,0
805,separable,,0
806,separable,,0
807,separable,,0
808,separable,3.650024149988857e-08,0
809,separable,,0
810,separable,0.0,0
811,separable,2.5809568279517847e-08,0
812,separable,,0
813,separable,2.9802322387695312e-08,0
814,separable,2.9802322387695312e-08,0
815,separable,2.9802322387695312e-08,0
816,separable,3.650024149988857e-08,0
817,separable,2.1073424255447017e-08,0
818,separable,,0
819,separable,1.4901161193847656e-08,0
820,separable,,0
821,separable,2.1073424255447017e-08,0
822,separable,0.0,0
823,separable,,0
824,separable,,0
825,separable,0.0,0
826,separable,,0
827,separable,3.650024149988857e-08,0
828,separable,,0
829,separable,0.0,0
830,separable,3.942476676500724e-08,0
831,separable,0.0,0
832,separable,,0
833,separable,,0
834,separable,2.1073424255447017e-08,0
835,separable,2.1073424255447017e-08,0
836,separable,1.4901161193847656e-08,0
837,separable,,0
838,separable,0.0,0
839,separable,,0
840,separable,3.650024149988857e-08,0
841,separable,3.332000937312528e-08,0
842,separable,0.0,0
843,separable,2.9802322387695312e-08,0
844,separable,,0
845,separable,2.1073424255447017e-08,0
846,separable,,0
847,separable,,0
848,separable,,0
849,separable,0.0,0
850,separable,,0
851,separable,4.2146848510894035e-08,0
852,separable,4.712160915387242e-08,0
853,separable,,0
854,separable,3.650024149988857e-08,0
855,separable,,0
856,separable,2.1073424255447017e-08,0
857,separable,,0
858,separable,,0
859,separable,4.470348358154297e-08,0
860,separable,3.332000937312528e-08,0
861,separable,,0
862,separable,,0
863,separable,4.2146848510894035e-08,0
864,separable,,0
865,separable,1.4901161193847656e-08,0
866,separable,,0
867,separable,,0
868,separable,,0
869,separable,3.942476676500724e-08,0
870,separable,3.650024149988857e-08,0
871,separable,2.1073424255447017e-08,0
872,separable,,0
873,separable,,0
874,separable,2.9802322387695312e-08,0
875,separable,0.0,0
876,separable,0.0,0
877,separable,1.4901161193847656e-08,0
878,separable,1.4901161193847656e-08,0
879,separable,3.332000937312528e-08,0
880,separable,,0
881,separable,,0
882,separable,,0
883,separable,,0
884,separable,0.0,0
885,separable,0.0,0
886,separable,,0
887,separable,,0
888,separable,0.0,0
889,separable,2.1073424255447017e-08,0
890,separable,,0
891,separable,2.9802322387695312e-08,0
892,separable,2.5809568279517847e-08,0
893,separable,1.4901161193847656e-08,0
894,separable,0.0,0
895,separable,,0
896,separable,,0
897,separable,3.332000937312528e-08,0
898,separable,2.9802322387695312e-08,0
899,separable,,0
900,separable,0.0,0
901,separable,3.650024149988857e-08,0
902,separable,2.1073424255447017e-08,0
903,separable,0.0,0
904,separable,2.9802322387695312e-08,0
905,separable,,0
906,separable,,0
907,separable,1.4901161193847656e-08,0
908,separable,,0
909,separable,,0
910,separable,,0
911,separable,3.332000937312528e-08,0
912,separable,0.0,0
913,separable,1.4901161193847656e-08,0
914,separable,2.9802322387695312e-08,0
915,separable,,0
916,separable,,0
917,separable,0.0,0
918,separable,,0
919,separable,,0
920,separable,,0
921,separable,2.9802322387695312e-08,0
922,separable,,0
923,separable,,0
924,separable,,0
925,separable,0.0,0
926,separable,3.650024149988857e-08,0
927,separable,,0
928,separable,3.650024149988857e-08,0
929,separable,2.1073424255447017e-08,0
930,separable,1.4901161193847656e-08,0
931,separable,,0
932,separable,2.9802322387695312e-08,0
933,separable,2.9802322387695312e-08,0
934,separable,,0
935,separable,1.4901161193847656e-08,0
936,separable,0.0,0
937,separable,,0
938,separable,,0
939,separable,2.1073424255447017e-08,0
940,separable,2.9802322387695312e-08,0
941,separable,2.1073424255447017e-08,0
942,separable,,0
943,separable,2.1073424255447017e-08,0
944,separable,,0
945,separable,2.5809568279517847e-08,0
946,separable,,0
947,separable,1.4901161193847656e-08,0
948,separable,1.4901161193847656e-08,0
949,separable,0.0,0
950,separable,2.9802322387695312e-08,0
951,separable,3.332000937312528e-08,0
952,separable,2.1073424255447017e-08,0
953,separable,2.1073424255447017e-08,0
954,separable,,0
955,separable,3.942476676500724e-08,0
956,separable,,0
957,separable,1.4901161193847656e-08,0
958,separable,0.0,0
959,separable,,0
960,separable,3.650024149988857e-08,0
961,separable,,0
962,separable,0.0,0
963,separable,4.2146848510894035e-08,0
964,separable,0.0,0
965,separable,0.0,0
966,separable,,0
967,separable,2.1073424255447017e-08,0
968,separable,,0
969,separable,0.0,0
970,separable,,0
971,separable,,0
972,separable,0.0,0
973,separable,,0
974,separable,,0
975,separable,,0
976,separable,,0
977,separable,0.0,0
978,separable,0.0,0
979,separable,0.0,0
980,separable,0.0,0
981,separable,,0
982,separable,,0
983,separable,2.9802322387695312e-08,0
984,separable,,0
985,separable,0.0,0
986,separable,,0
987,separable,,0
988,separable,,0
989,separable,,0
990,separable,0.0,0
991,separable,,0
992,separable,2.1073424255447017e-08,0
993,separable,,0
994,separable,,0
995,separable,,0
996,separable,,0
997,separable,0.0,0
998,separable,3.650024149988857e-08,0
999,separable,3.650024149988857e-08,0
1000,separable,,0
1001,separable,4.9421560620597e-08,0
1002,separable,,0
1003,separable,3.332000937312528e-08,0
1004,separable,,0
1005,separable,0.0,0
1006,separable,,0
1007,separable,0.0,0
1008,separable,0.0,0
1009,separable,,0
1010,separable,,0
1011,separable,,0
1012,separable,2.1073424255447017e-08,0
1013,separable,,0
1014,separable,3.650024149988857e-08,0
1015,separable,2.1073424255447017e-08,0
1016,separable,,0
1017,separable,2.1073424255447017e-08,0
1018,separable,3.942476676500724e-08,0
1019,separable,2.9802322387695312e-08,0
1020,separable,,0
1021,separable,4.712160915387242e-08,0
1022,separable,0.0,0
1023,separable,5.1619136559035694e-08,0
1024,separable,2.9802322387695312e-08,0
1025,separable,2.1073424255447017e-08,0
1026,separable,,0
1027,separable,,0
1028,separable,,0
1029,separable,,0
1030,separable,,0
1031,separable,3.942476676500724e-08,0
1032,separable,1.4901161193847656e-08,0
1033,separable,1.4901161193847656e-08,0
1034,separable,2.9802322387695312e-08,0
1035,separable,3.650024149988857e-08,0
1036,separable,2.5809568279517847e-08,0
1037,separable,,0
1038,separable,,0
1039,separable,0.0,0
1040,separable,4.2146848510894035e-08,0
1041,separable,3.650024149988857e-08,0
1042,separable,2.9802322387695312e-08,0
1043,separable,2.1073424255447017e-08,0
1044,separable,1.4901161193847656e-08,0
1045,separable,3.650024149988857e-08,0
1046,separable,,0
1047,separable,0.0,0
1048,separable,,0
1049,separable,,0
1050,separable,3.650024149988857e-08,0
1051,separable,0.0,0
1052,separable,2.9802322387695312e-08,0
1053,separable,,0
1054,separable,,0
1055,separable,0.0,0
1056,separable,0.0,0
1057,separable,4.2146848510894035e-08,0
1058,separable,,0
1059,separable,,0
1060,separable,,0
1061,separable,2.1073424255447017e-08,0
1062,separable,1.4901161193847656e-08,0
1063,separable,3.332000937312528e-08,0
1064,separable,3.332000937312528e-08,0
1065,separable,,0
1066,separable,0.0,0
1067,separable,2.1073424255447017e-08,0
1068,separable,,0
1069,separable,,0
1070,separable,,0
1071,separable,1.4901161193847656e-08,0
1072,separable,5.5755039852469285e-08,0
1073,separable,2.5809568279517847e-08,0
1074,separable,,0
1075,separable,,0
1076,separable,0.0,0
1077,separable,2.9802322387695312e-08,0
1078,separable,,0
1079,separable,,0
1080,separable,,0
1081,separable,3.942476676500724e-08,0
1082,separable,,0
1083,separable,2.1073424255447017e-08,0
1084,separable,,0
1085,separable,3.332000937312528e-08,0
1086,separable,3.942476676500724e-08,0
1087,separable,0.0,0
1088,separable,,0
1089,separable,0.0,0
1090,separable,0.0,0
1091,separable,2.9802322387695312e-08,0
1092,separable,2.1073424255447017e-08,0
1093,separable,,0
1094,separable,2.9802322387695312e-08,0
1095,separable,0.0,0
1096,separable,,0
1097,separable,,0
1098,separable,,0
1099,separable,4.712160915387242e-08,0
1100,separable,,0
1101,separable,0.0,0
1102,separable,0.0,0
1103,separable,2.9802322387695312e-08,0
1104,separable,4.470348358154297e-08,0
1105,separable,1.4901161193847656e-08,0
1106,separable,4.9421560620597e-08,0
1107,separable,,0
1108,separable,,0
1109,separable,,0
1110,separable,3.942476676500724e-08,0
1111,separable,0.0,0
1112,separable,,0
1113,separable,,0
1114,separable,4.2146848510894035e-08,0
1115,separable,4.2146848510894035e-08,0
1116,separable,,0
1117,separable,1.4901161193847656e-08,0
1118,separable,,0
1119,separable,2.1073424255447017e-08,0
1120,separable,0.0,0
1121,separable,,0
1122,separable,3.650024149988857e-08,0
1123,separable,0.0,0
1124,separable,0.0,0
1125,separable,,0
1126,separable,,0
1127,separable,,0
1128,separable,,0
1129,separable,0.0,0
1130,separable,3.650024149988857e-08,0
1131,separable,,0
1132,separable,2.1073424255447017e-08,0
1133,separable,2.1073424255447017e-08,0
1134,separable,,0
1135,separable,2.1073424255447017e-08,0
1136,separable,0.0,0
1137,separable,3.942476676500724e-08,0
1138,separable,2.9802322387695312e-08,0
1139,separable,0.0,0
1140,separable,2.9802322387695312e-08,0
1141,separable,,0
1142,separable,,0
1143,separable,,0
1144,separable,0.0,0
1145,separable,,0
1146,separable,,0
1147,separable,3.650024149988857e-08,0
1148,separable,1.4901161193847656e-08,0
1149,separable,,0
1150,separable,,0
1151,separable,3.942476676500724e-08,0
1152,separable,4.2146848510894035e-08,0
1153,separable,,0
1154,separable,0.0,0
1155,separable,1.4901161193847656e-08,0
1156,separable,2.9802322387695312e-08,0
1157,separable,,0
1158,separable,0.0,0
1159,separable,2.5809568279517847e-08,0
1160,separable,2.9802322387695312e-08,0
1161,separable,3.650024149988857e-08,0
1162,separable,,0
1163,separable,2.9802322387695312e-08,0
1164,separable,,0
1165,separable,,0
1166,separable,,0
1167,separable,,0
1168,separable,,0
1169,separable,2.5809568279517847e-08,0
1170,separable,2.1073424255447017e-08,0
1171,separable,,0
1172,separable,2.1073424255447017e-08,0
1173,separable,2.1073424255447017e-08,0
1174,separable,2.5809568279517847e-08,0
1175,separable,,0
1176,separable,,0
1177,separable,,0
1178,separable,0.0,0
1179,separable,2.9802322387695312e-08,0
1180,separable,2.9802322387695312e-08,0
1181,separable,2.1073424255447017e-08,0
1182,separable,,0
1183,separable,0.0,0
1184,separable,,0
1185,separable,,0
1186,separable,2.5809568279517847e-08,0
1187,separable,2.1073424255447017e-08,0
1188,separable,2.1073424255447017e-08,0
1189,separable,3.942476676500724e-08,0
1190,separable,2.9802322387695312e-08,0
1191,separable,2.1073424255447017e-08,0
1192,separable,1.4901161193847656e-08,0
1193,separable,,0
1194,separable,,0
1195,separable,2.9802322387695312e-08,0
1196,separable,,0
1197,separable,2.1073424255447017e-08,0
1198,separable,2.9802322387695312e-08,0
1199,separable,0.0,0
1200,separable,0.0,0
1201,separable,3.332000937312528e-08,0
1202,separable,3.650024149988857e-08,0
1203,separable,0.0,0
1204,separable,,0
1205,separable,,0
1206,separable,3.942476676500724e-08,0
1207,separable,,0
1208,separable,,0
1209,separable,0.0,0
1210,separable,2.1073424255447017e-08,0
1211,separable,1.4901161193847656e-08,0
1212,separable,,0
1213,separable,4.9421560620597e-08,0
1214,separable,,0
1215,separable,,0
1216,separable,,0
1217,separable,,0
1218,separable,2.9802322387695312e-08,0
1219,separable,,0
1220,separable,1.4901161193847656e-08,0
1221,separable,,0
1222,separable,3.332000937312528e-08,0
1223,separable,0.0,0
1224,separable,,0
1225,separable,3.650024149988857e-08,0
1226,separable,2.9802322387695312e-08,0
1227,separable,3.650024149988857e-08,0
1228,separable,0.0,0
1229,separable,2.9802322387695312e-08,0
1230,separable,2.1073424255447017e-08,0
1231,separable,3.650024149988857e-08,0
1232,separable,2.1073424255447017e-08,0
1233,separable,3.650024149988857e-08,0
1234,separable,3.650024149988857e-08,0
1235,separable,,0
1236,separable,4.9421560620597e-08,0
1237,separable,,0
1238,separable,1.4901161193847656e-08,0
1239,separable,,0
1240,separable,2.5809568279517847e-08,0
1241,separable,2.9802322387695312e-08,0
1242,separable,,0
1243,separable,4.2146848510894035e-08,0
1244,separable,2.1073424255447017e-08,0
1245,separable,2.1073424255447017e-08,0
1246,separable,0.0,0
1247,separable,,0
1248,separable,,0
1249,separable,0.0,0
1250,separable,0.0,0
1251,separable,,0
1252,separable,2.1073424255447017e-08,0
1253,separable,3.942476676500724e-08,0
1254,separable,,0
1255,separable,2.1073424255447017e-08,0
1256,separable,3.332000937312528e-08,0
1257,separable,2.1073424255447017e-08,0
1258,separable,0.0,0
1259,separable,,0
1260,separable,0.0,0
1261,separable,,0
1262,separable,4.712160915387242e-08,0
1263,separable,,0
1264,separable,,0
1265,separable,0.0,0
1266,separable,1.4901161193847656e-08,0
1267,separable,0.0,0
1268,separable,2.9802322387695312e-08,0
1269,separable,,0
1270,separable,,0
1271,separable,0.0,0
1272,separable,,0
1273,separable,,0
1274,separable,1.4901161193847656e-08,0
1275,separable,,0
1276,separable,2.1073424255447017e-08,0
1277,separable,0.0,0
1278,separable,2.9802322387695312e-08,0
1279,separable,2.1073424255447017e-08,0
1280,separable,2.5809568279517847e-08,0
1281,separable,2.1073424255447017e-08,0
1282,separable,,0
1283,separable,0.0,0
1284,separable,,0
1285,separable,2.5809568279517847e-08,0
1286,separable,,0
1287,separable,,0
1288,separable,,0
1289,separable,,0
1290,separable,2.1073424255447017e-08,0
1291,separable,,0
1292,separable,,0
1293,separable,0.0,0
1294,separable,2.5809568279517847e-08,0
1295,separable,,0
1296,separable,0.0,0
1297,separable,4.712160915387242e-08,0
1298,separable,0.0,0
1299,separable,0.0,0
1300,separable,0.0,0
1301,separable,2.9802322387695312e-08,0
1302,separable,,0
1303,separable,0.0,0
1304,separable,,0
1305,separable,0.0,0
1306,separable,2.1073424255447017e-08,0
1307,separable,2.1073424255447017e-08,0
1308,separable,3.650024149988857e-08,0
1309,separable,3.650024149988857e-08,0
1310,separable,4.9421560620597e-08,0
1311,separable,,0
1312,separable,3.650024149988857e-08,0
1313,separable,0.0,0
1314,separable,4.712160915387242e-08,0
1315,separable,,0
1316,separable,,0
1317,separable,0.0,0
1318,separable,2.1073424255447017e-08,0
1319,separable,3.650024149988857e-08,0
1320,separable,,0
1321,separable,,0
1322,separable,,0
1323,separable,2.9802322387695312e-08,0
1324,separable,2.1073424255447017e-08,0
1325,separable,,0
1326,separable,,0
1327,separable,,0
1328,separable,,0
1329,separable,0.0,0
1330,separable,,0
1331,separable,3.332000937312528e-08,0
1332,separable,2.1073424255447017e-08,0
1333,separable,3.650024149988857e-08,0
1334,separable,3.650024149988857e-08,0
1335,separable,,0
1336,separable,2.1073424255447017e-08,0
1337,separable,,0
1338,separable,3.332000937312528e-08,0
1339,separable,2.1073424255447017e-08,0
1340,separable,,0
1341,separable,,0
1342,separable,0.0,0
1343,separable,2.9802322387695312e-08,0
1344,separable,2.1073424255447017e-08,0
1345,separable,2.9802322387695312e-08,0
1346,separable,2.1073424255447017e-08,0
1347,separable,2.1073424255447017e-08,0
1348,separable,2.9802322387695312e-08,0
1349,separable,,0
1350,separable,1.4901161193847656e-08,0
1351,separable,,0
1352,separable,3.332000937312528e-08,0
1353,separable,4.712160915387242e-08,0
1354,separable,1.4901161193847656e-08,0
1355,separable,,0
1356,separable,,0
1357,separable,2.9802322387695312e-08,0
1358,separable,2.9802322387695312e-08,0
1359,separable,2.9802322387695312e-08,0
1360,separable,3.332000937312528e-08,0
1361,separable,2.5809568279517847e-08,0
1362,separable,0.0,0
1363,separable,5.1619136559035694e-08,0
1364,separable,0.0,0
1365,separable,,0
1366,separable,0.0,0
1367,separable,,0
1368,separable,,0
1369,separable,2.9802322387695312e-08,0
1370,separable,0.0,0
1371,separable,,0
1372,separable,,0
1373,separable,2.1073424255447017e-08,0
1374,separable,2.1073424255447017e-08,0
1375,separable,3.650024149988857e-08,0
1376,separable,0.0,0
1377,separable,,0
1378,separable,3.332000937312528e-08,0
1379,separable,,0
1380,separable,2.5809568279517847e-08,0
1381,separable,2.9802322387695312e-08,0
1382,separable,,0
1383,separable,0.0,0
1384,separable,,0
1385,separable,,0
1386,separable,4.470348358154297e-08,0
1387,separable,2.9802322387695312e-08,0
1388,separable,3.650024149988857e-08,0
1389,separable,4.712160915387242e-08,0
1390,separable,,0
1391,separable,,0
1392,separable,0.0,0
1393,separable,2.9802322387695312e-08,0
1394,separable,,0
1395,separable,,0
1396,separable,1.4901161193847656e-08,0
1397,separable,0.0,0
1398,separable,,0
1399,separable,2.9802322387695312e-08,0
1400,separable,0.0,0
1401,separable,2.1073424255447017e-08,0
1402,separable,,0
1403,separable,,0
1404,separable,0.0,0
1405,separable,,0
1406,separable,2.1073424255447017e-08,0
1407,separable,2.1073424255447017e-08,0
1408,separable,0.0,0
1409,separable,4.2146848510894035e-08,0
1410,separable,,0
1411,separable,2.5809568279517847e-08,0
1412,separable,1.4901161193847656e-08,0
1413,separable,2.1073424255447017e-08,0
1414,separable,,0
1415,separable,,0
1416,separable,3.650024149988857e-08,0
1417,separable,3.650024149988857e-08,0
1418,separable,3.332000937312528e-08,0
1419,separable,,0
1420,separable,0.0,0
1421,separable,3.650024149988857e-08,0
1422,separable,4.470348358154297e-08,0
1423,separable,0.0,0
1424,separable,2.1073424255447017e-08,0
1425,separable,0.0,0
1426,separable,0.0,0
1427,separable,0.0,0
1428,separable,3.650024149988857e-08,0
1429,separable,1.4901161193847656e-08,0
1430,separable,2.9802322387695312e-08,0
1431,separable,4.470348358154297e-08,0
1432,separable,3.650024149988857e-08,0
1433,separable,2.9802322387695312e-08,0
1434,separable,0.0,0
1435,separable,,0
1436,separable,2.1073424255447017e-08,0
1437,separable,,0
1438,separable,0.0,0
1439,separable,,0
1440,separable,4.2146848510894035e-08,0
1441,separable,0.0,0
1442,separable,2.5809568279517847e-08,0
1443,separable,,0
1444,separable,2.1073424255447017e-08,0
1445,separable,,0
1446,separable,4.9421560620597e-08,0
1447,separable,2.1073424255447017e-08,0
1448,separable,0.0,0
1449,separable,,0
1450,separable,,0
1451,separable,0.0,0
1452,separable,2.1073424255447017e-08,0
1453,separable,0.0,0
1454,separable,,0
1455,separable,,0
1456,separable,2.5809568279517847e-08,0
1457,separable,0.0,0
1458,separable,1.4901161193847656e-08,0
1459,separable,0.0,0
1460,separable,2.1073424255447017e-08,0
1461,separable,2.5809568279517847e-08,0
1462,separable,,0
1463,separable,3.332000937312528e-08,0
1464,separable,2.9802322387695312e-08,0
1465,separable,,0
1466,separable,4.2146848510894035e-08,0
1467,separable,0.0,0
1468,separable,1.4901161193847656e-08,0
1469,separable,0.0,0
1470,separable,,0
1471,separable,2.5809568279517847e-08,0
1472,separable,0.0,0
1473,separable,,0
1474,separable,0.0,0
1475,separable,2.9802322387695312e-08,0
1476,separable,,0
1477,separable,,0
1478,separable,0.0,0
1479,separable,0.0,0
1480,separable,,0
1481,separable,5.1619136559035694e-08,0
1482,separable,2.5809568279517847e-08,0
1483,separable,1.4901161193847656e-08,0
1484,separable,0.0,0
1485,separable,3.332000937312528e-08,0
1486,separable,,0
1487,separable,2.1073424255447017e-08,0
1488,separable,0.0,0
1489,separable,2.1073424255447017e-08,0
1490,separable,3.650024149988857e-08,0
1491,separable,2.5809568279517847e-08,0
1492,separable,1.4901161193847656e-08,0
1493,separable,,0
1494,separable,,0
1495,separable,,0
1496,separable,2.1073424255447017e-08,0
1497,separable,,0
1498,separable,,0
1499,separable,2.1073424255447017e-08,0
1500,separable,,0
1501,separable,0.0,0
1502,separable,,0
1503,separable,0.0,0
1504,separable,,0
1505,separable,2.1073424255447017e-08,0
1506,separable,4.2146848510894035e-08,0
1507,separable,3.650024149988857e-08,0
1508,separable,0.0,0
1509,separable,2.1073424255447017e-08,0
1510,separable,0.0,0
1511,separable,0.0,0
1512,separable,,0
1513,separable,,0
1514,separable,,0
1515,separable,,0
1516,separable,,0
1517,separable,3.650024149988857e-08,0
1518,separable,3.650024149988857e-08,0
1519,separable,3.332000937312528e-08,0
1520,separable,0.0,0
1521,separable,0.0,0
1522,separable,0.0,0
1523,separable,2.9802322387695312e-08,0
1524,separable,2.5809568279517847e-08,0
1525,separable,,0
1526,separable,2.1073424255447017e-08,0
1527,separable,,0
1528,separable,2.5809568279517847e-08,0
1529,separable,3.332000937312528e-08,0
1530,separable,0.0,0
1531,separable,0.0,0
1532,separable,3.942476676500724e-08,0
1533,separable,3.332000937312528e-08,0
1534,separable,2.5809568279517847e-08,0
1535,separable,0.0,0
1536,separable,4.470348358154297e-08,0
1537,separable,2.1073424255447017e-08,0
1538,separable,2.9802322387695312e-08,0
1539,separable,,0
1540,separable,2.1073424255447017e-08,0
1541,separable,,0
1542,separable,,0
1543,separable,1.4901161193847656e-08,0
1544,separable,,0
1545,separable,,0
1546,separable,,0
1547,separable,0.0,0
1548,separable,,0
1549,separable,2.1073424255447017e-08,0
1550,separable,1.4901161193847656e-08,0
1551,separable,1.4901161193847656e-08,0
1552,separable,,0
1553,separable,3.332000937312528e-08,0
1554,separable,,0
1555,separable,,0
1556,separable,2.5809568279517847e-08,0
1557,separable,0.0,0
1558,separable,2.9802322387695312e-08,0
1559,separable,2.9802322387695312e-08,0
1560,separable,0.0,0
1561,separable,,0
1562,separable,0.0,0
1563,separable,0.0,0
1564,separable,,0
1565,separable,,0
1566,separable,2.5809568279517847e-08,0
1567,separable,,0
1568,separable,3.650024149988857e-08,0
1569,separable,0.0,0
1570,separable,,0
1571,separable,,0
1572,separable,,0
1573,separable,2.1073424255447017e-08,0
1574,separable,0.0,0
1575,separable,2.1073424255447017e-08,0
1576,separable,2.9802322387695312e-08,0
1577,separable,0.0,0
1578,separable,,0
1579,separable,1.4901161193847656e-08,0
1580,separable,,0
1581,separable,,0
1582,separable,3.650024149988857e-08,0
1583,separable,4.2146848510894035e-08,0
1584,separable,,0
1585,separable,4.2146848510894035e-08,0
1586,separable,,0
1587,separable,0.0,0
1588,separable,2.1073424255447017e-08,0
1589,separable,2.9802322387695312e-08,0
1590,separable,4.470348358154297e-08,0
1591,separable,,0
1592,separable,0.0,0
1593,separable,,0
1594,separable,0.0,0
1595,separable,0.0,0
1596,separable,1.4901161193847656e-08,0
1597,separable,2.9802322387695312e-08,0
1598,separable,,0
1599,separable,,0
1600,separable,3.942476676500724e-08,0
1601,separable,,0
1602,separable,,0
1603,separable,0.0,0
1604,separable,0.0,0
1605,separable,2.5809568279517847e-08,0
1606,separable,,0
1607,separable,3.942476676500724e-08,0
1608,separable,0.0,0
1609,separable,,0
1610,separable,,0
1611,separable,0.0,0
1612,separable,3.332000937312528e-08,0
1613,separable,2.9802322387695312e-08,0
1614,separable,0.0,0
1615,separable,0.0,0
1616,separable,0.0,0
1617,separable,,0
1618,separable,,0
1619,separable,,0
1620,separable,2.1073424255447017e-08,0
1621,separable,2.1073424255447017e-08,0
1622,separable,,0
1623,separable,2.9802322387695312e-08,0
1624,separable,,0
1625,separable,,0
1626,separable,,0
1627,separable,,0
1628,separable,0.0,0
1629,separable,,0
1630,separable,,0
1631,separable,,0
1632,separable,,0
1633,separable,2.1073424255447017e-08,0
1634,separable,0.0,0
1635,separable,0.0,0
1636,separable,,0
1637,separable,,0
1638,separable,3.650024149988857e-08,0
1639,separable,0.0,0
1640,separable,2.5809568279517847e-08,0
1641,separable,3.650024149988857e-08,0
1642,separable,2.1073424255447017e-08,0
1643,separable,1.4901161193847656e-08,0
1644,separable,2.5809568279517847e-08,0
1645,separable,,0
1646,separable,1.4901161193847656e-08,0
1647,separable,0.0,0
1648,separable,0.0,0
1649,separable,,0
1650,separable,3.942476676500724e-08,0
1651,separable,2.1073424255447017e-08,0
1652,separable,0.0,0
1653,separable,2.9802322387695312e-08,0
1654,separable,0.0,0
1655,separable,3.650024149988857e-08,0
1656,separable,,0
1657,separable,3.650024149988857e-08,0
1658,separable,1.4901161193847656e-08,0
1659,separable,2.5809568279517847e-08,0
1660,separable,0.0,0
1661,separable,2.1073424255447017e-08,0
1662,separable,2.1073424255447017e-08,0
1663,separable,3.942476676500724e-08,0
1664,separable,1.4901161193847656e-08,0
1665,separable,,0
1666,separable,,0
1667,separable,3.332000937312528e-08,0
1668,separable,2.9802322387695312e-08,0
1669,separable,,0
1670,separable,,0
1671,separable,,0
1672,separable,0.0,0
1673,separable,0.0,0
1674,separable,3.942476676500724e-08,0
1675,separable,3.650024149988857e-08,0
1676,separable,2.1073424255447017e-08,0
1677,separable,0.0,0
1678,separable,3.650024149988857e-08,0
1679,separable,1.4901161193847656e-08,0
1680,separable,2.1073424255447017e-08,0
1681,separable,2.1073424255447017e-08,0
1682,separable,3.332000937312528e-08,0
1683,separable,2.1073424255447017e-08,0
1684,separable,0.0,0
1685,separable,4.470348358154297e-08,0
1686,separable,,0
1687,separable,,0
1688,separable,4.712160915387242e-08,0
1689,separable,,0
1690,separable,,0
1691,separable,4.2146848510894035e-08,0
1692,separable,2.1073424255447017e-08,0
1693,separable,2.9802322387695312e-08,0
1694,separable,,0
1695,separable,,0
1696,separable,0.0,0
1697,separable,0.0,0
1698,separable,2.9802322387695312e-08,0
1699,separable,,0
1700,separable,,0
1701,separable,3.332000937312528e-08,0
1702,separable,3.650024149988857e-08,0
1703,separable,,0
1704,separable,,0
1705,separable,2.9802322387695312e-08,0
1706,separable,2.5809568279517847e-08,0
1707,separable,2.5809568279517847e-08,0
1708,separable,0.0,0
1709,separable,3.942476676500724e-08,0
1710,separable,2.5809568279517847e-08,0
1711,separable,,0
1712,separable,2.1073424255447017e-08,0
1713,separable,0.0,0
1714,separable,2.5809568279517847e-08,0
1715,separable,,0
1716,separable,2.1073424255447017e-08,0
1717,separable,,0
1718,separable,,0
1719,separable,0.0,0
1720,separable,2.5809568279517847e-08,0
1721,separable,2.9802322387695312e-08,0
1722,separable,0.0,0
1723,separable,4.2146848510894035e-08,0
1724,separable,4.2146848510894035e-08,0
1725,separable,0.0,0
1726,separable,,0
1727,separable,,0
1728,separable,0.0,0
1729,separable,,0
1730,separable,2.9802322387695312e-08,0
1731,separable,,0
1732,separable,2.1073424255447017e-08,0
1733,separable,,0
1734,separable,2.5809568279517847e-08,0
1735,separable,,0
1736,separable,2.1073424255447017e-08,0
1737,separable,0.0,0
1738,separable,1.4901161193847656e-08,0
1739,separable,2.9802322387695312e-08,0
1740,separable,2.9802322387695312e-08,0
1741,separable,2.9802322387695312e-08,0
1742,separable,2.9802322387695312e-08,0
1743,separable,5.7711949142924205e-08,0
1744,separable,,0
1745,separable,,0
1746,separable,2.1073424255447017e-08,0
1747,separable,3.332000937312528e-08,0
1748,separable,0.0,0
1749,separable,,0
1750,separable,0.0,0
1751,separable,2.9802322387695312e-08,0
1752,separable,0.0,0
1753,separable,0.0,0
1754,separable,,0
1755,separable,3.650024149988857e-08,0
1756,separable,,0
1757,separable,3.650024149988857e-08,0
1758,separable,2.1073424255447017e-08,0
1759,separable,2.9802322387695312e-08,0
1760,separable,,0
1761,separable,0.0,0
1762,separable,2.5809568279517847e-08,0
1763,separable,,0
1764,separable,3.942476676500724e-08,0
1765,separable,2.1073424255447017e-08,0
1766,separable,0.0,0
1767,separable,,0
1768,separable,,0
1769,separable,,0
1770,separable,,0
1771,separable,2.1073424255447017e-08,0
1772,separable,4.470348358154297e-08,0
1773,separable,2.5809568279517847e-08,0
1774,separable,,0
1775,separable,0.0,0
1776,separable,,0
1777,separable,2.5809568279517847e-08,0
1778,separable,0.0,0
1779,separable,3.650024149988857e-08,0
1780,separable,3.650024149988857e-08,0
1781,separable,4.470348358154297e-08,0
1782,separable,2.9802322387695312e-08,0
1783,separable,2.1073424255447017e-08,0
1784,separable,,0
1785,separable,,0
1786,separable,2.1073424255447017e-08,0
1787,separable,3.650024149988857e-08,0
1788,separable,2.9802322387695312e-08,0
1789,separable,2.1073424255447017e-08,0
1790,separable,,0
1791,separable,3.650024149988857e-08,0
1792,separable,0.0,0
1793,separable,,0
1794,separable,3.332000937312528e-08,0
1795,separable,0.0,0
1796,separable,0.0,0
1797,separable,3.332000937312528e-08,0
1798,separable,,0
1799,separable,0.0,0
1800,separable,,0
1801,separable,4.9421560620597e-08,0
1802,separable,2.5809568279517847e-08,0
1803,separable,,0
1804,separable,,0
1805,separable,,0
1806,separable,,0
1807,separable,,0
1808,separable,,0
1809,separable,2.9802322387695312e-08,0
1810,separable,0.0,0
1811,separable,,0
1812,separable,,0
1813,separable,4.2146848510894035e-08,0
1814,separable,1.4901161193847656e-08,0
1815,separable,,0
1816,separable,,0
1817,separable,,0
1818,separable,2.9802322387695312e-08,0
1819,separable,0.0,0
1820,separable,,0
1821,separable,0.0,0
1822,separable,3.332000937312528e-08,0
1823,separable,,0
1824,separable,,0
1825,separable,,0
1826,separable,3.650024149988857e-08,0
1827,separable,2.1073424255447017e-08,0
1828,separable,2.1073424255447017e-08,0
1829,separable,2.9802322387695312e-08,0
1830,separable,4.470348358154297e-08,0
1831,separable,0.0,0
1832,separable,,0
1833,separable,,0
1834,separable,,0
1835,separable,3.650024149988857e-08,0
1836,separable,,0
1837,separable,,0
1838,separable,2.9802322387695312e-08,0
1839,separable,,0
1840,separable,,0
1841,separable,,0
1842,separable,4.470348358154297e-08,0
1843,separable,0.0,0
1844,separable,3.650024149988857e-08,0
1845,separable,1.4901161193847656e-08,0
1846,separable,3.650024149988857e-08,0
1847,separable,2.1073424255447017e-08,0
1848,separable,,0
1849,separable,0.0,0
1850,separable,2.1073424255447017e-08,0
1851,separable,,0
1852,separable,4.712160915387242e-08,0
1853,separable,1.4901161193847656e-08,0
1854,separable,,0
1855,separable,,0
1856,separable,3.650024149988857e-08,0
1857,separable,2.1073424255447017e-08,0
1858,separable,,0
1859,separable,2.1073424255447017e-08,0
1860,separable,0.0,0
1861,separable,0.0,0
1862,separable,5.3726900748371916e-08,0
1863,separable,,0
1864,separable,,0
1865,separable,2.9802322387695312e-08,0
1866,separable,,0
1867,separable,3.650024149988857e-08,0
1868,separable,,0
1869,separable,,0
1870,separable,,0
1871,separable,2.5809568279517847e-08,0
1872,separable,3.332000937312528e-08,0
1873,separable,,0
1874,separable,3.942476676500724e-08,0
1875,separable,3.650024149988857e-08,0
1876,separable,,0
1877,separable,,0
1878,separable,3.942476676500724e-08,0
1879,separable,2.9802322387695312e-08,0
1880,separable,2.1073424255447017e-08,0
1881,separable,1.4901161193847656e-08,0
1882,separable,,0
1883,separable,0.0,0
1884,separable,0.0,0
1885,separable,3.942476676500724e-08,0
1886,separable,3.650024149988857e-08,0
1887,separable,,0
1888,separable,,0
1889,separable,,0
1890,separable,0.0,0
1891,separable,0.0,0
1892,separable,,0
1893,separable,1.4901161193847656e-08,0
1894,separable,,0
1895,separable,,0
1896,separable,0.0,0
1897,separable,3.942476676500724e-08,0
1898,separable,3.650024149988857e-08,0
1899,separable,,0
1900,separable,,0
1901,separable,0.0,0
1902,separable,4.2146848510894035e-08,0
1903,separable,2.5809568279517847e-08,0
1904,separable,,0
1905,separable,,0
1906,separable,3.650024149988857e-08,0
1907,separable,,0
1908,separable,2.9802322387695312e-08,0
1909,separable,3.650024149988857e-08,0
1910,separable,0.0,0
1911,separable,3.332000937312528e-08,0
1912,separable,,0
1913,separable,3.650024149988857e-08,0
1914,separable,2.9802322387695312e-08,0
1915,separable,,0
1916,separable,,0
1917,separable,2.9802322387695312e-08,0
1918,separable,3.650024149988857e-08,0
1919,separable,5.1619136559035694e-08,0
1920,separable,,0
1921,separable,3.332000937312528e-08,0
1922,separable,0.0,0
1923,separable,3.650024149988857e-08,0
1924,separable,0.0,0
1925,separable,1.4901161193847656e-08,0
1926,separable,2.1073424255447017e-08,0
1927,separable,2.1073424255447017e-08,0
1928,separable,,0
1929,separable,0.0,0
1930,separable,,0
1931,separable,,0
1932,separable,2.1073424255447017e-08,0
1933,separable,3.650024149988857e-08,0
1934,separable,3.332000937312528e-08,0
1935,separable,2.1073424255447017e-08,0
1936,separable,,0
1937,separable,,0
1938,separable,,0
1939,separable,,0
1940,separable,0.0,0
1941,separable,0.0,0
1942,separable,,0
1943,separable,0.0,0
1944,separable,4.712160915387242e-08,0
1945,separable,,0
1946,separable,,0
1947,separable,,0
1948,separable,,0
1949,separable,,0
1950,separable,4.712160915387242e-08,0
1951,separable,,0
1952,separable,2.1073424255447017e-08,0
1953,separable,,0
1954,separable,2.9802322387695312e-08,0
1955,separable,2.1073424255447017e-08,0
1956,separable,3.650024149988857e-08,0
1957,separable,0.0,0
1958,separable,3.332000937312528e-08,0
1959,separable,,0
1960,separable,2.1073424255447017e-08,0
1961,separable,2.1073424255447017e-08,0
1962,separable,2.9802322387695312e-08,0
1963,separable,3.650024149988857e-08,0
1964,separable,1.4901161193847656e-08,0
1965,separable,,0
1966,separable,3.650024149988857e-08,0
1967,separable,2.5809568279517847e-08,0
1968,separable,3.942476676500724e-08,0
1969,separable,3.650024149988857e-08,0
1970,separable,,0
1971,separable,,0
1972,separable,0.0,0
1973,separable,2.5809568279517847e-08,0
1974,separable,2.5809568279517847e-08,0
1975,separable,2.9802322387695312e-08,0
1976,separable,,0
1977,separable,,0
1978,separable,,0
1979,separable,,0
1980,separable,2.1073424255447017e-08,0
1981,separable,,0
1982,separable,2.1073424255447017e-08,0
1983,separable,2.1073424255447017e-08,0
1984,separable,2.9802322387695312e-08,0
1985,separable,4.470348358154297e-08,0
1986,separable,2.5809568279517847e-08,0
1987,separable,2.5809568279517847e-08,0
1988,separable,2.9802322387695312e-08,0
1989,separable,3.332000937312528e-08,0
1990,separable,3.650024149988857e-08,0
1991,separable,,0
1992,separable,4.2146848510894035e-08,0
1993,separable,3.332000937312528e-08,0
1994,separable,2.9802322387695312e-08,0
1995,separable,1.4901161193847656e-08,0
1996,separable,0.0,0
1997,separable,0.0,0
1998,separable,,0
1999,separable,,0
2000,separable,2.9802322387695312e-08,0
2001,separable,,0
2002,separable,4.2146848510894035e-08,0
2003,separable,1.4901161193847656e-08,0
2004,separable,,0
2005,separable,,0
2006,separable,,0
2007,separable,2.1073424255447017e-08,0
2008,separable,,0
2009,separable,0.0,0
2010,separable,,0
2011,separable,,0
2012,separable,2.5809568279517847e-08,0
2013,separable,,0
2014,separable,2.5809568279517847e-08,0
2015,separable,0.0,0
2016,separable,2.9802322387695312e-08,0
2017,separable,3.650024149988857e-08,0
2018,separable,2.1073424255447017e-08,0
2019,separable,1.4901161193847656e-08,0
2020,separable,,0
2021,separable,,0
2022,separable,0.0,0
2023,separable,2.1073424255447017e-08,0
2024,separable,,0
2025,separable,,0
2026,separable,0.0,0
2027,separable,,0
2028,separable,,0
2029,separable,5.3726900748371916e-08,0
2030,separable,,0
2031,separable,4.2146848510894035e-08,0
2032,separable,3.332000937312528e-08,0
2033,separable,,0
2034,separable,0.0,0
2035,separable,,0
2036,separable,3.650024149988857e-08,0
2037,separable,0.0,0
2038,separable,,0
2039,separable,3.332000937312528e-08,0
2040,separable,,0
2041,separable,2.9802322387695312e-08,0
2042,separable,1.4901161193847656e-08,0
2043,separable,2.9802322387695312e-08,0
2044,separable,2.1073424255447017e-08,0
2045,separable,,0
2046,separable,3.650024149988857e-08,0
2047,separable,2.9802322387695312e-08,0
2048,separable,,0
2049,separable,2.9802322387695312e-08,0
2050,separable,,0
2051,separable,3.650024149988857e-08,0
2052,separable,2.1073424255447017e-08,0
2053,separable,,0
2054,separable,,0
2055,separable,,0
2056,separable,0.0,0
2057,separable,0.0,0
2058,separable,0.0,0
2059,separable,2.9802322387695312e-08,0
2060,separable,,0
2061,separable,0.0,0
2062,separable,,0
2063,separable,0.0,0
2064,separable,2.1073424255447017e-08,0
2065,separable,,0
2066,separable,,0
2067,separable,4.712160915387242e-08,0
2068,separable,,0
2069,separable,2.5809568279517847e-08,0
2070,separable,4.2146848510894035e-08,0
2071,separable,3.650024149988857e-08,0
2072,separable,2.1073424255447017e-08,0
2073,separable,,0
2074,separable,2.5809568279517847e-08,0
2075,separable,1.4901161193847656e-08,0
2076,separable,3.650024149988857e-08,0
2077,separable,3.332000937312528e-08,0
2078,separable,2.1073424255447017e-08,0
2079,separable,,0
2080,separable,,0
2081,separable,2.5809568279517847e-08,0
2082,separable,,0
2083,separable,0.0,0
2084,separable,,0
2085,separable,1.4901161193847656e-08,0
2086,separable,3.650024149988857e-08,0
2087,separable,2.9802322387695312e-08,0
2088,separable,0.0,0
2089,separable,,0
2090,separable,2.1073424255447017e-08,0
2091,separable,1.4901161193847656e-08,0
2092,separable,2.5809568279517847e-08,0
2093,separable,4.2146848510894035e-08,0
2094,separable,,0
2095,separable,2.1073424255447017e-08,0
2096,separable,4.712160915387242e-08,0
2097,separable,2.5809568279517847e-08,0
2098,separable,4.2146848510894035e-08,0
2099,separable,0.0,0
2100,separable,0.0,0
2101,separable,0.0,0
2102,separable,,0
2103,separable,,0
2104,separable,3.942476676500724e-08,0
2105,separable,0.0,0
2106,separable,,0
2107,separable,0.0,0
2108,separable,2.1073424255447017e-08,0
2109,separable,4.2146848510894035e-08,0
2110,separable,,0
2111,separable,0.0,0
2112,separable,3.332000937312528e-08,0
2113,separable,,0
2114,separable,,0
2115,separable,,0
2116,separable,2.1073424255447017e-08,0
2117,separable,0.0,0
2118,separable,,0
2119,separable,2.1073424255447017e-08,0
2120,separable,,0
2121,separable,,0
2122,separable,,0
2123,separable,,0
2124,separable,2.9802322387695312e-08,0
2125,separable,0.0,0
2126,separable,,0
2127,separable,,0
2128,separable,2.5809568279517847e-08,0
2129,separable,,0
2130,separable,,0
2131,separable,0.0,0
2132,separable,4.2146848510894035e-08,0
2133,separable,2.5809568279517847e-08,0
2134,separable,0.0,0
2135,separable,,0
2136,separable,2.1073424255447017e-08,0
2137,separable,3.942476676500724e-08,0
2138,separable,2.1073424255447017e-08,0
2139,separable,,0
2140,separable,3.650024149988857e-08,0
2141,separable,,0
2142,separable,0.0,0
2143,separable,3.332000937312528e-08,0
2144,separable,,0
2145,separable,3.332000937312528e-08,0
2146,separable,2.9802322387695312e-08,0
2147,separable,2.5809568279517847e-08,0
2148,separable,1.4901161193847656e-08,0
2149,separable,,0
2150,separable,,0
2151,separable,2.9802322387695312e-08,0
2152,separable,0.0,0
2153,separable,2.1073424255447017e-08,0
2154,separable,3.332000937312528e-08,0
2155,separable,2.9802322387695312e-08,0
2156,separable,2.1073424255447017e-08,0
2157,separable,3.650024149988857e-08,0
2158,separable,,0
2159,separable,2.1073424255447017e-08,0
2160,separable,2.9802322387695312e-08,0
2161,separable,3.332000937312528e-08,0
2162,separable,,0
2163,separable,,0
2164,separable,2.9802322387695312e-08,0
2165,separable,1.4901161193847656e-08,0
2166,separable,,0
2167,separable,3.650024149988857e-08,0
2168,separable,,0
2169,separable,,0
2170,separable,0.0,0
2171,separable,2.9802322387695312e-08,0
2172,separable,2.1073424255447017e-08,0
2173,separable,,0
2174,separable,2.1073424255447017e-08,0
2175,separable,2.1073424255447017e-08,0
2176,separable,,0
2177,separable,3.650024149988857e-08,0
2178,separable,,0
2179,separable,2.9802322387695312e-08,0
2180,separable,3.650024149988857e-08,0
2181,separable,0.0,0
2182,separable,0.0,0
2183,separable,2.1073424255447017e-08,0
2184,separable,,0
2185,separable,0.0,0
2186,separable,2.5809568279517847e-08,0
2187,separable,1.4901161193847656e-08,0
2188,separable,,0
2189,separable,2.1073424255447017e-08,0
2190,separable,,0
2191,separable,,0
2192,separable,,0
2193,separable,1.4901161193847656e-08,0
2194,separable,,0
2195,separable,,0
2196,separable,,0
2197,separable,3.332000937312528e-08,0
2198,separable,2.5809568279517847e-08,0
2199,separable,2.9802322387695312e-08,0
2200,separable,2.5809568279517847e-08,0
2201,separable,,0
2202,separable,3.332000937312528e-08,0
2203,separable,2.1073424255447017e-08,0
2204,separable,0.0,0
2205,separable,0.0,0
2206,separable,,0
2207,separable,,0
2208,separable,2.9802322387695312e-08,0
2209,separable,1.4901161193847656e-08,0
2210,separable,2.5809568279517847e-08,0
2211,separable,,0
2212,separable,,0
2213,separable,2.1073424255447017e-08,0
2214,separable,3.332000937312528e-08,0
2215,separable,,0
2216,separable,,0
2217,separable,0.0,0
2218,separable,,0
2219,separable,2.5809568279517847e-08,0
2220,separable,,0
2221,separable,,0
2222,separable,,0
2223,separable,2.1073424255447017e-08,0
2224,separable,2.1073424255447017e-08,0
2225,separable,2.9802322387695312e-08,0
2226,separable,,0
2227,separable,,0
2228,separable,2.9802322387695312e-08,0
2229,separable,,0
2230,separable,2.1073424255447017e-08,0
2231,separable,,0
2232,separable,0.0,0
2233,separable,2.5809568279517847e-08,0
2234,separable,0.0,0
2235,separable,2.5809568279517847e-08,0
2236,separable,3.650024149988857e-08,0
2237,separable,2.1073424255447017e-08,0
2238,separable,,0
2239,separable,0.0,0
2240,separable,2.1073424255447017e-08,0
2241,separable,,0
2242,separable,2.5809568279517847e-08,0
2243,separable,4.2146848510894035e-08,0
2244,separable,,0
2245,separable,,0
2246,separable,0.0,0
2247,separable,2.1073424255447017e-08,0
2248,separable,2.9802322387695312e-08,0
2249,separable,,0
2250,separable,1.4901161193847656e-08,0
2251,separable,0.0,0
2252,separable,0.0,0
2253,separable,0.0,0
2254,separable,,0
2255,separable,2.5809568279517847e-08,0
2256,separable,,0
2257,separable,2.1073424255447017e-08,0
2258,separable,,0
2259,separable,2.1073424255447017e-08,0
2260,separable,0.0,0
2261,separable,,0
2262,separable,3.942476676500724e-08,0
2263,separable,2.9802322387695312e-08,0
2264,separable,2.5809568279517847e-08,0
2265,separable,1.4901161193847656e-08,0
2266,separable,,0
2267,separable,,0
2268,separable,,0
2269,separable,4.2146848510894035e-08,0
2270,separable,1.4901161193847656e-08,0
2271,separable,,0
2272,separable,0.0,0
2273,separable,2.1073424255447017e-08,0
2274,separable,,0
2275,separable,4.2146848510894035e-08,0
2276,separable,0.0,0
2277,separable,,0
2278,separable,2.9802322387695312e-08,0
2279,separable,1.4901161193847656e-08,0
2280,separable,2.1073424255447017e-08,0
2281,separable,,0
2282,separable,,0
2283,separable,0.0,0
2284,separable,2.5809568279517847e-08,0
2285,separable,2.1073424255447017e-08,0
2286,separable,3.650024149988857e-08,0
2287,separable,,0
2288,separable,4.470348358154297e-08,0
2289,separable,2.1073424255447017e-08,0
2290,separable,2.1073424255447017e-08,0
2291,separable,,0
2292,separable,2.1073424255447017e-08,0
2293,separable,2.1073424255447017e-08,0
2294,separable,,0
2295,separable,,0
2296,separable,,0
2297,separable,0.0,0
2298,separable,0.0,0
2299,separable,2.9802322387695312e-08,0
2300,separable,2.1073424255447017e-08,0
2301,separable,2.1073424255447017e-08,0
2302,separable,,0
2303,separable,,0
2304,separable,2.9802322387695312e-08,0
2305,separable,,0
2306,separable,,0
2307,separable,,0
2308,separable,0.0,0
2309,separable,0.0,0
2310,separable,,0
2311,separable,4.2146848510894035e-08,0
2312,separable,,0
2313,separable,2.9802322387695312e-08,0
2314,separable,2.5809568279517847e-08,0
2315,separable,,0
2316,separable,2.5809568279517847e-08,0
2317,separable,,0
2318,separable,1.4901161193847656e-08,0
2319,separable,2.1073424255447017e-08,0
2320,separable,2.5809568279517847e-08,0
2321,separable,3.650024149988857e-08,0
2322,separable,,0
2323,separable,0.0,0
2324,separable,2.1073424255447017e-08,0
2325,separable,,0
2326,separable,0.0,0
2327,separable,,0
2328,separable,1.4901161193847656e-08,0
2329,separable,,0
2330,separable,2.1073424255447017e-08,0
2331,separable,0.0,0
2332,separable,0.0,0
2333,separable,,0
2334,separable,0.0,0
2335,separable,1.4901161193847656e-08,0
2336,separable,,0
2337,separable,,0
2338,separable,2.1073424255447017e-08,0
2339,separable,,0
2340,separable,0.0,0
2341,separable,0.0,0
2342,separable,0.0,0
2343,separable,,0
2344,separable,2.1073424255447017e-08,0
2345,separable,0.0,0
2346,separable,1.4901161193847656e-08,0
2347,separable,0.0,0
2348,separable,4.2146848510894035e-08,0
2349,separable,3.650024149988857e-08,0
2350,separable,0.0,0
2351,separable,,0
2352,separable,0.0,0
2353,separable,1.4901161193847656e-08,0
2354,separable,,0
2355,separable,,0
2356,separable,,0
2357,separable,0.0,0
2358,separable,2.9802322387695312e-08,0
2359,separable,,0
2360,separable,,0
2361,separable,1.4901161193847656e-08,0
2362,separable,3.942476676500724e-08,0
2363,separable,0.0,0
2364,separable,2.9802322387695312e-08,0
2365,separable,,0
2366,separable,,0
2367,separable,2.1073424255447017e-08,0
2368,separable,,0
2369,separable,,0
2370,separable,0.0,0
2371,separable,,0
2372,separable,2.1073424255447017e-08,0
2373,separable,0.0,0
2374,separable,,0
2375,separable,3.332000937312528e-08,0
2376,separable,2.1073424255447017e-08,0
2377,separable,,0
2378,separable,4.2146848510894035e-08,0
2379,separable,1.4901161193847656e-08,0
2380,separable,,0
2381,separable,2.1073424255447017e-08,0
2382,separable,,0
2383,separable,0.0,0
2384,separable,2.1073424255447017e-08,0
2385,separable,,0
2386,separable,,0
2387,separable,3.942476676500724e-08,0
2388,separable,,0
2389,separable,2.9802322387695312e-08,0
2390,separable,3.650024149988857e-08,0
2391,separable,,0
2392,separable,3.650024149988857e-08,0
2393,separable,,0
2394,separable,,0
2395,separable,2.5809568279517847e-08,0
2396,separable,,0
2397,separable,,0
2398,separable,1.4901161193847656e-08,0
2399,separable,0.0,0
2400,separable,3.650024149988857e-08,0
2401,separable,2.5809568279517847e-08,0
2402,separable,0.0,0
2403,separable,2.1073424255447017e-08,0
2404,separable,,0
2405,separable,,0
2406,separable,1.4901161193847656e-08,0
2407,separable,2.9802322387695312e-08,0
2408,separable,2.5809568279517847e-08,0
2409,separable,,0
2410,separable,,0
2411,separable,0.0,0
2412,separable,2.1073424255447017e-08,0
2413,separable,,0
2414,separable,,0
2415,separable,0.0,0
2416,separable,2.5809568279517847e-08,0
2417,separable,,0
2418,separable,,0
2419,separable,,0
2420,separable,2.1073424255447017e-08,0
2421,separable,0.0,0
2422,separable,,0
2423,separable,0.0,0
2424,separable,1.4901161193847656e-08,0
2425,separable,3.650024149988857e-08,0
2426,separable,2.5809568279517847e-08,0
2427,separable,3.942476676500724e-08,0
2428,separable,,0
2429,separable,,0
2430,separable,3.650024149988857e-08,0
2431,separable,,0
2432,separable,,0
2433,separable,2.9802322387695312e-08,0
2434,separable,,0
2435,separable,,0
2436,separable,,0
2437,separable,2.1073424255447017e-08,0
2438,separable,0.0,0
2439,separable,2.9802322387695312e-08,0
2440,separable,0.0,0
2441,separable,,0
2442,separable,2.1073424255447017e-08,0
2443,separable,,0
2444,separable,0.0,0
2445,separable,2.9802322387695312e-08,0
2446,separable,3.332000937312528e-08,0
2447,separable,4.712160915387242e-08,0
2448,separable,2.1073424255447017e-08,0
2449,separable,2.1073424255447017e-08,0
2450,separable,2.1073424255447017e-08,0
2451,separable,,0
2452,separable,2.1073424255447017e-08,0
2453,separable,2.9802322387695312e-08,0
2454,separable,3.332000937312528e-08,0
2455,separable,4.2146848510894035e-08,0
2456,separable,0.0,0
2457,separable,2.1073424255447017e-08,0
2458,separable,,0
2459,separable,2.1073424255447017e-08,0
2460,separable,3.650024149988857e-08,0
2461,separable,1.4901161193847656e-08,0
2462,separable,,0
2463,separable,,0
2464,separable,2.1073424255447017e-08,0
2465,separable,2.1073424255447017e-08,0
2466,separable,4.2146848510894035e-08,0
2467,separable,,0
2468,separable,2.5809568279517847e-08,0
2469,separable,3.332000937312528e-08,0
2470,separable,,0
2471,separable,,0
2472,separable,2.5809568279517847e-08,0
2473,separable,,0
2474,separable,,0
2475,separable,2.1073424255447017e-08,0
2476,separable,,0
2477,separable,,0
2478,separable,0.0,0
2479,separable,,0
2480,separable,2.1073424255447017e-08,0
2481,separable,1.4901161193847656e-08,0
2482,separable,,0
2483,separable,2.1073424255447017e-08,0
2484,separable,0.0,0
2485,separable,3.650024149988857e-08,0
2486,separable,,0
2487,separable,2.1073424255447017e-08,0
2488,separable,,0
2489,separable,,0
2490,separable,0.0,0
2491,separable,0.0,0
2492,separable,4.712160915387242e-08,0
2493,separable,4.2146848510894035e-08,0
2494,separable,4.2146848510894035e-08,0
2495,separable,0.0,0
2496,separable,2.1073424255447017e-08,0
2497,separable,,0
2498,separable,3.332000937312528e-08,0
2499,separable,,0
2500,random,0.9338307472798312,1
2501,random,0.6064023281283281,1
2502,random,0.65164816996579,1
2503,random,0.35325670858391384,1
2504,random,0.4095177934875124,1
2505,random,0.9878008905105178,1
2506,random,0.29187764844148917,1
2507,random,0.5878654981213438,1
2508,random,0.20377011965719355,1
2509,random,0.9091140732983813,1
2510,random,0.6823298462048182,1
2511,random,0.7772551797523606,1
2512,random,0.8965977289606014,1
2513,random,0.24016605849722145,1
2514,random,0.12192071395971077,1
2515,random,0.490992849530471,1
2516,random,0.7294903459135393,1
2517,random,0.7302525110855254,1
2518,random,0.39645644786436207,1
2519,random,0.7714114568567764,1
2520,random,0.5881802844324598,1
2521,random,0.9613124525140051,1
2522,random,0.7396220541800967,1
2523,random,0.2732947775941307,1
2524,random,0.6166004069745257,1
2525,random,0.11859735988550113,1
2526,random,0.6628094734669585,1
2527,random,0.3550709846141747,1
2528,random,0.6590790047752076,1
2529,random,0.22493800690077367,1
2530,random,0.4883142988169891,1
2531,random,0.6050205473974736,1
2532,random,0.5063299798163019,1
2533,random,0.6162157288874638,1
2534,random,0.5131254959119225,1
2535,random,0.6957153890218508,1
2536,random,0.7810965396842878,1
2537,random,0.3996442725296398,1
2538,random,0.7634106444090317,1
2539,random,0.6774214850458586,1
2540,random,0.7840539473747539,1
2541,random,0.14360288413658018,1
2542,random,0.46993593603568357,1
2543,random,0.5519544916082262,1
2544,random,0.64373758286619,1
2545,random,0.6615091185492793,1
2546,random,0.8436213045276597,1
2547,random,0.36059402329946816,1
2548,random,0.17736516897921947,1
2549,random,0.3673163288882816,1
2550,random,0.894629076010975,1
2551,random,0.31654558247784853,1
2552,random,0.7854590315126042,1
2553,random,0.6541882001285784,1
2554,random,0.9650220714388585,1
2555,random,0.8611788739701692,1
2556,random,0.79314843418684,1
2557,random,0.19902775986056587,1
2558,random,0.562223262040156,1
2559,random,0.22636657286803127,1
2560,random,0.8537497300135752,1
2561,random,0.8161326063048595,1
2562,random,0.8584713537666545,1
2563,random,0.3562882814496072,1
2564,random,0.7719067078831954,1
2565,random,0.6857823994579298,1
2566,random,0.8465808545540778,1
2567,random,0.6089136108232643,1
2568,random,0.7638510896215708,1
2569,random,0.6914728783367312,1
2570,random,0.9036234274826037,1
2571,random,0.655374841009302,1
2572,random,0.6714460718744071,1
2573,random,0.41819623964225183,1
2574,random,0.9767912146036468,1
2575,random,0.6642650113924787,1
2576,random,0.9116449841173297,1
2577,random,0.41055555829856893,1
2578,random,0.8390727253167334,1
2579,random,0.7305487028970226,1
2580,random,0.6895740738592562,1
2581,random,0.9027181392485268,1
2582,random,0.6941942509682145,1
2583,random,0.8736047145868397,1
2584,random,0.3017955253638174,1
2585,random,0.8580902354698698,1
2586,random,0.7487106099474945,1
2587,random,0.2890252454358934,1
2588,random,0.9564703500776834,1
2589,random,0.6293201735477809,1
2590,random,0.09738602058968371,0
2591,random,0.691837104351077,1
2592,random,0.6223883962762954,1
2593,random,0.9601545023730601,1
2594,random,0.9164299412536271,1
2595,random,0.9235913452143798,1
2596,random,0.5684903648574348,1
2597,random,0.8998164658630625,1
2598,random,0.3436898731168667,1
2599,random,0.681457907539343,1
2600,random,0.28757294530297756,1
2601,random,0.9177874853243672,1
2602,random,0.9755119622637692,1
2603,random,0.9477762655135724,1
2604,random,0.7198202515905279,1
2605,random,0.781571319029815,1
2606,random,0.736776987792414,1
2607,random,0.8320305037014831,1
2608,random,0.3295157439458526,1
2609,random,0.6559879281919349,1
2610,random,0.5819183591842569,1
2611,random,0.4986498573523481,1
2612,random,0.33864956516681616,1
2613,random,0.9293789144484954,1
2614,random,0.595819478253538,1
2615,random,0.7754533007838721,1
2616,random,0.6180639713597325,1
2617,random,0.5814437589821038,1
2618,random,0.5518121753509875,1
2619,random,0.9517262691034334,1
2620,random,0.7165824326585399,1
2621,random,0.23263897585216387,1
2622,random,0.9153935744338609,1
2623,random,0.20520371179630534,1
2624,random,0.28257922506417404,1
2625,random,0.8796778388412525,1
2626,random,0.2673413873764006,1
2627,random,0.9288790905824403,1
2628,random,0.7875581024102813,1
2629,random,0.3598504712644441,1
2630,random,0.5568979331724927,1
2631,random,0.9154361007637803,1
2632,random,0.8642054115582227,1
2633,random,0.46687945252385415,1
2634,random,0.7231206994404766,1
2635,random,0.22684752575544453,1
2636,random,0.36133211573129065,1
2637,random,0.6454822855095688,1
2638,random,0.6649548195062114,1
2639,random,0.7278577634575398,1
2640,random,0.5485788407792789,1
2641,random,0.9536069613251162,1
2642,random,0.248786526044292,1
2643,random,0.9049318451050564,1
2644,random,0.3329073965394772,1
2645,random,0.4588045236030952,1
2646,random,0.9120839863600655,1
2647,random,0.7355245106033805,1
2648,random,0.9806426747661022,1
2649,random,0.7204030820263145,1
2650,random,0.445831460705215,1
2651,random,0.6535996231458444,1
2652,random,0.5103561726086485,1
2653,random,0.4097830559815287,1
2654,random,0.7554560477007664,1
2655,random,0.5215570020156423,1
2656,random,0.6156273496060977,1
2657,random,0.7063942461966884,1
2658,random,0.8597086915008951,1
2659,random,0.7924577417513772,1
2660,random,0.25856318986182697,1
2661,random,0.9273623814914114,1
2662,random,0.5530533217403621,1
2663,random,0.8707118222643373,1
2664,random,0.48432689129032386,1
2665,random,0.7548353198485713,1
2666,random,0.9046100154163469,1
2667,random,0.7407333285413872,1
2668,random,0.5131490661620643,1
2669,random,0.4665515295876604,1
2670,random,0.8386402429086972,1
2671,random,0.5755551944562135,1
2672,random,0.7213641402769232,1
2673,random,0.7704998646390078,1
2674,random,0.5210833548658053,1
2675,random,0.9260826537765658,1
2676,random,0.8163370935609309,1
2677,random,0.31144193303714696,1
2678,random,0.597751392749631,1
2679,random,0.47881936490013505,1
2680,random,0.17416475612761775,1
2681,random,0.20839684573449901,1
2682,random,0.22135974924788623,1
2683,random,0.6035783445136522,1
2684,random,0.5372767555510621,1
2685,random,0.3549550527977678,1
2686,random,0.7365953301312256,1
2687,random,0.9392928932960094,1
2688,random,0.7760765044589104,1
2689,random,0.19476633039705826,1
2690,random,0.4085417730285102,1
2691,random,0.6471240273237362,1
2692,random,0.4105884380303859,1
2693,random,0.7287147740009216,1
2694,random,0.6136349371289134,1
2695,random,0.6409766159831624,1
2696,random,0.5979441958835972,1
2697,random,0.793711911144945,1
2698,random,0.7972283099454244,1
2699,random,0.5612100567676431,1
2700,random,0.7250765216620307,1
2701,random,0.39228661523098224,1
2702,random,0.26047974568650345,1
2703,random,0.4991121722015385,1
2704,random,0.9189791237834621,1
2705,random,0.8011570779875606,1
2706,random,0.6393653444093347,1
2707,random,0.434698181642742,1
2708,random,0.6571987583141573,1
2709,random,0.7814940968038744,1
2710,random,0.9198878818744979,1
2711,random,0.6728604905769392,1
2712,random,0.42699790643020485,1
2713,random,0.7140638049813469,1
2714,random,0.4293629958628013,1
2715,random,0.06257342287528,0
2716,random,0.49629093177756317,1
2717,random,0.1359290347837335,1
2718,random,0.5675282105921703,1
2719,random,0.9680497164186572,1
2720,random,0.28167752591580425,1
2721,random,0.603343942898539,1
2722,random,0.46266660242823043,1
2723,random,0.5709924396053593,1
2724,random,0.1813141770344238,1
2725,random,0.5022116666781096,1
2726,random,0.4795451880905107,1
2727,random,0.05649684683606897,0
2728,random,0.6459121473165528,1
2729,random,0.6869700910033137,1
2730,random,0.5736735773722611,1
2731,random,0.7556241238707107,1
2732,random,0.27249192335174977,1
2733,random,0.8134500424635376,1
2734,random,0.7412642968540084,1
2735,random,0.6457231123379686,1
2736,random,0.09207382520702755,0
2737,random,0.48811180720298897,1
2738,random,0.17210016210812348,1
2739,random,0.4129090597871244,1
2740,random,0.6332849850570738,1
2741,random,0.9452683265655931,1
2742,random,0.7373364848762444,1
2743,random,0.38873622989486567,1
2744,random,0.5860218959350644,1
2745,random,0.9013640891819794,1
2746,random,0.6507901792570967,1
2747,random,0.6978171137061911,1
2748,random,0.7731959578587305,1
2749,random,0.5118615597984885,1
2750,random,0.5849397577988128,1
2751,random,0.4026056241492038,1
2752,random,0.7572228144387693,1
2753,random,0.6476661440271053,1
2754,random,0.5756205189515492,1
2755,random,0.19044104030247214,1
2756,random,0.6353925948428717,1
2757,random,0.5169003042034951,1
2758,random,0.49351664698314446,1
2759,random,0.4439738279344756,1
2760,random,0.3387780215788811,1
2761,random,0.3069108822361033,1
2762,random,0.32192147478704947,1
2763,random,0.21194895738404704,1
2764,random,0.755888275793729,1
2765,random,0.7993417096404682,1
2766,random,0.21280544693916897,1
2767,random,0.5255647203645005,1
2768,random,0.6257700914748698,1
2769,random,0.8132127237188255,1
2770,random,0.856311757013596,1
2771,random,0.8184392182632381,1
2772,random,0.7941661606178317,1
2773,random,0.8577730777243618,1
2774,random,0.4530612962139221,1
2775,random,0.4130798551155435,1
2776,random,0.3204914398434399,1
2777,random,0.48410428091944807,1
2778,random,0.7200454201063557,1
2779,random,0.6186222984828426,1
2780,random,0.6617506128685973,1
2781,random,0.8213819792734627,1
2782,random,0.6501281400618804,1
2783,random,0.10088857565481897,1
2784,random,0.4765403240976928,1
2785,random,0.6297491882133984,1
2786,random,0.8995454869978817,1
2787,random,0.17758152467332736,1
2788,random,0.8022442165588382,1
2789,random,0.4405711641180263,1
2790,random,0.8138086249829409,1
2791,random,0.342781917010823,1
2792,random,0.5145962608731336,1
2793,random,0.8987520156338367,1
2794,random,0.6823768252123448,1
2795,random,0.8246267224383785,1
2796,random,0.7589657191128292,1
2797,random,0.3488805896496603,1
2798,random,0.7112659202815731,1
2799,random,0.647254091228042,1
2800,random,0.9451528543652197,1
2801,random,0.6065711083763451,1
2802,random,0.5441743115644267,1
2803,random,0.34579012025311856,1
2804,random,0.5461428431095436,1
2805,random,0.3943853310985522,1
2806,random,0.3350047815837034,1
2807,random,0.3512245942343363,1
2808,random,0.9761745429270267,1
2809,random,0.7320969172517395,1
2810,random,0.6816811205580142,1
2811,random,0.48270588501708284,1
2812,random,0.8298038770807324,1
2813,random,0.7496866687316681,1
2814,random,0.5238731693421786,1
2815,random,0.650367483804638,1
2816,random,0.46810352868286875,1
2817,random,0.45465547338798734,1
2818,random,0.594661789718755,1
2819,random,0.725880002903946,1
2820,random,0.4669920908225093,1
2821,random,0.48899227166387815,1
2822,random,0.8381537317613773,1
2823,random,0.5844315109665328,1
2824,random,0.5089527403837606,1
2825,random,0.7030582979290656,1
2826,random,0.7873764068229153,1
2827,random,0.14272245695664484,1
2828,random,0.9530734218721031,1
2829,random,0.548207061003456,1
2830,random,0.5633034666467279,1
2831,random,0.19613353522342997,1
2832,random,0.750659040655188,1
2833,random,0.13447527912530094,1
2834,random,0.6979747535997751,1
2835,random,0.37574593947582613,1
2836,random,0.42051489472800174,1
2837,random,0.6112706835216107,1
2838,random,0.44636400052798386,1
2839,random,0.5625125614734834,1
2840,random,0.8146295779777724,1
2841,random,0.677411628310171,1
2842,random,0.5041055345424068,1
2843,random,0.7638293656119054,1
2844,random,0.2601581756412153,1
2845,random,0.3891448294459451,1
2846,random,0.6945833383952419,1
2847,random,0.15022405302644262,1
2848,random,0.9502911490985709,1
2849,random,0.6709860600696413,1
2850,random,0.6726369757123047,1
2851,random,0.5166435291273055,1
2852,random,0.8351801374798887,1
2853,random,0.20377085395627217,1
2854,random,0.7322355838948935,1
2855,random,0.20139181560970598,1
2856,random,0.08542950058908644,0
2857,random,0.5517419248489174,1
2858,random,0.8783959313572076,1
2859,random,0.5171210849431533,1
2860,random,0.6397780140487752,1
2861,random,0.6820333256060563,1
2862,random,0.2311680194357008,1
2863,random,0.6845361185143276,1
2864,random,0.5276751111873781,1
2865,random,0.41339919296652783,1
2866,random,0.16006845790493116,1
2867,random,0.6437923881842853,1
2868,random,0.7820957484705727,1
2869,random,0.6128718713904066,1
2870,random,0.2793879774251221,1
2871,random,0.3727130081254873,1
2872,random,0.7042981641744015,1
2873,random,0.12114816039742106,1
2874,random,0.49149206845050947,1
2875,random,0.6969594004039255,1
2876,random,0.6287218229607061,1
2877,random,0.6677937839904269,1
2878,random,0.27826899238031,1
2879,random,0.3017139772299321,1
2880,random,0.7862572300670829,1
2881,random,0.8336841893816745,1
2882,random,0.24921880999245424,1
2883,random,0.6455123217733412,1
2884,random,0.9249157916676595,1
2885,random,0.6769115370990064,1
2886,random,0.7687313500401287,1
2887,random,0.7513711864031278,1
2888,random,0.18891823087545745,1
2889,random,0.6768132584733345,1
2890,random,0.8601132312359077,1
2891,random,0.8877000836994302,1
2892,random,0.2689708810124962,1
2893,random,0.5567455310311267,1
2894,random,0.4361162321866978,1
2895,random,0.38376996824744564,1
2896,random,0.4372338905674446,1
2897,random,0.658333438080387,1
2898,random,0.2182302091909677,1
2899,random,0.2168615217102228,1
2900,random,0.7539997379678591,1
2901,random,0.6960729480784582,1
2902,random,0.29624738291765146,1
2903,random,0.7343403230598139,1
2904,random,0.9733813546262795,1
2905,random,0.6877789815231814,1
2906,random,0.7601762095263431,1
2907,random,0.9327480656914131,1
2908,random,0.15536622658006063,1
2909,random,0.5768417073047787,1
2910,random,0.38332992017723766,1
2911,random,0.7456825423673427,1
2912,random,0.3342558889152946,1
2913,random,0.8175467008348086,1
2914,random,0.8979984010215061,1
2915,random,0.8840740694749432,1
2916,random,0.1933492438978172,1
2917,random,0.8687614335123772,1
2918,random,0.6991789928684675,1
2919,random,0.9643535071485402,1
2920,random,0.7995992978707916,1
2921,random,0.6527051511054197,1
2922,random,0.5939135013019181,1
2923,random,0.6667379692461839,1
2924,random,0.18098978044009567,1
2925,random,0.3164518845232619,1
2926,random,0.44611974046460784,1
2927,random,0.7940470873880524,1
2928,random,0.7875035909490616,1
2929,random,0.42390969612103163,1
2930,random,0.2576567704173486,1
2931,random,0.9303600313123151,1
2932,random,0.6663363964258335,1
2933,random,0.7508638791330343,1
2934,random,0.9870766561674742,1
2935,random,0.8073462715462092,1
2936,random,0.46597825505570367,1
2937,random,0.9475988458446675,1
2938,random,0.29860685344094584,1
2939,random,0.786605143198732,1
2940,random,0.7930526942590906,1
2941,random,0.6603543698594262,1
2942,random,0.8082272598882511,1
2943,random,0.2793260579651852,1
2944,random,0.23252774857315778,1
2945,random,0.8428043798992886,1
2946,random,0.9707470143480174,1
2947,random,0.7934037131535645,1
2948,random,0.2884503004989193,1
2949,random,0.927085025309195,1
2950,random,0.12290380369484964,1
2951,random,0.6599109010325293,1
2952,random,0.41762155392692035,1
2953,random,0.031360038869511817,0
2954,random,0.8206929776860016,1
2955,random,0.46428713906285146,1
2956,random,0.8133011312294912,1
2957,random,0.15339369931012542,1
2958,random,0.5836072234647758,1
2959,random,0.9958497113237094,1
2960,random,0.8255950590467375,1
2961,random,0.7435183743595989,1
2962,random,0.2679658423048571,1
2963,random,0.8749765441089117,1
2964,random,0.6245699461655541,1
2965,random,0.7129335095671246,1
2966,random,0.846675937779295,1
2967,random,0.7182042210885557,1
2968,random,0.45681375092336757,1
2969,random,0.5412501709113903,1
2970,random,0.38998219737185846,1
2971,random,0.7909552151197895,1
2972,random,0.8202226905765462,1
2973,random,0.5858696352650549,1
2974,random,0.7633891807045989,1
2975,random,0.7806357233101646,1
2976,random,0.2549176839566137,1
2977,random,0.48385649643885426,1
2978,random,0.8994492219544351,1
2979,random,0.1576114954834307,1
2980,random,0.518233183359268,1
2981,random,0.8648644697380848,1
2982,random,0.7528762305217459,1
2983,random,0.7269147680918253,1
2984,random,0.6560752931320044,1
2985,random,0.5328036511358457,1
2986,random,0.45771129075978434,1
2987,random,0.3868043359200487,1
2988,random,0.5555675766670711,1
2989,random,0.2850033248908004,1
2990,random,0.46767601131868125,1
2991,random,0.6044554613195744,1
2992,random,0.9639123880480884,1
2993,random,0.5938846346527978,1
2994,random,0.43528156958062625,1
2995,random,0.7160202266908887,1
2996,random,0.7782094944725856,1
2997,random,0.5472777484200069,1
2998,random,0.703226059860127,1
2999,random,0.5523498573626654,1
3000,random,0.7111043736055733,1
3001,random,0.4110900826008142,1
3002,random,0.06889625424193865,0
3003,random,0.5233053752542938,1
3004,random,0.6899412043536329,1
3005,random,0.7596401391224757,1
3006,random,0.6305572189067898,1
3007,random,0.8376971957554554,1
3008,random,0.5078146035596104,1
3009,random,0.39549794673466543,1
3010,random,0.5047906522131552,1
3011,random,0.5275254978807781,1
3012,random,0.7166194176563203,1
3013,random,0.74792385218226,1
3014,random,0.764403791920208,1
3015,random,0.5748045579659965,1
3016,random,0.5547041400509339,1
3017,random,0.6936792660530985,1
3018,random,0.5625053825676671,1
3019,random,0.2792657847087152,1
3020,random,0.4055134864556231,1
3021,random,0.25576647332415986,1
3022,random,0.44928015753216854,1
3023,random,0.3314761981238894,1
3024,random,0.6548112813791479,1
3025,random,0.8912751542439343,1
3026,random,0.6875994902924143,1
3027,random,0.5299076243456939,1
3028,random,0.83866698371756,1
3029,random,0.262546756542762,1
3030,random,0.20192721151466062,1
3031,random,0.7496035644756337,1
3032,random,0.6312070345717655,1
3033,random,0.5071321347405465,1
3034,random,0.9151490153033466,1
3035,random,0.8010720298779744,1
3036,random,0.6599364447971784,1
3037,random,0.38330747829665157,1
3038,random,0.730314742269126,1
3039,random,0.8960858224703732,1
3040,random,0.5495305729727112,1
3041,random,0.30497235184684157,1
3042,random,0.7205127936372149,1
3043,random,0.2283643456024138,1
3044,random,0.6384871313989798,1
3045,random,0.9201489609482316,1
3046,random,0.5786419020083632,1
3047,random,0.639203769802046,1
3048,random,0.08147100127375591,0
3049,random,0.5742005117304054,1
3050,random,0.33411603155463077,1
3051,random,0.9812320593996794,1
3052,random,0.8614110288910873,1
3053,random,0.6966686680476878,1
3054,random,0.9134558293313253,1
3055,random,0.7750768310703054,1
3056,random,0.4533954389220053,1
3057,random,0.747414851416146,1
3058,random,0.6104897083108443,1
3059,random,0.8646769906932699,1
3060,random,0.13737468600231256,1
3061,random,0.6450497612223713,1
3062,random,0.37863894198653913,1
3063,random,0.945796106659946,1
3064,random,0.6328772471805909,1
3065,random,0.9039514022781298,1
3066,random,0.16074328293732437,1
3067,random,0.8463985424783536,1
3068,random,0.8677298862367925,1
3069,random,0.4167621606529693,1
3070,random,0.627165283491792,1
3071,random,0.604287355048437,1
3072,random,0.39403044552467614,1
3073,random,0.21513762365309094,1
3074,random,0.7739190504216994,1
3075,random,0.016022057731162494,0
3076,random,0.3773566528273512,1
3077,random,0.7572947371391762,1
3078,random,0.5483292444512531,1
3079,random,0.9049498924726834,1
3080,random,0.38878903945931964,1
3081,random,0.5092404874250365,1
3082,random,0.7693589958033887,1
3083,random,0.945237778223,1
3084,random,0.6559135111513242,1
3085,random,0.6297472616037035,1
3086,random,0.9504441574308446,1
3087,random,0.8169890910695818,1
3088,random,0.6646765095559661,1
3089,random,0.4289526338288114,1
3090,random,0.5562008452598922,1
3091,random,0.9653663181968957,1
3092,random,0.7412366057811913,1
3093,random,0.7668249270483652,1
3094,random,0.5256203576746881,1
3095,random,0.23995581263877583,1
3096,random,0.5777972372456266,1
3097,random,0.832812467079969,1
3098,random,0.3688272170100758,1
3099,random,0.3329072072128416,1
3100,random,0.27314515155759306,1
3101,random,0.44399792424270745,1
3102,random,0.6634723976856794,1
3103,random,0.551752042046428,1
3104,random,0.5187346532335078,1
3105,random,0.880220457372234,1
3106,random,0.8969829456518315,1
3107,random,0.682110331185739,1
3108,random,0.5678676707900709,1
3109,random,0.8276373720851257,1
3110,random,0.6007128471262372,1
3111,random,0.6612794703160837,1
3112,random,0.38884867021983444,1
3113,random,0.24166056010479461,1
3114,random,0.15515543862845257,1
3115,random,0.47090971894957495,1
3116,random,0.8241706208389996,1
3117,random,0.6356895631444421,1
3118,random,0.8955999348928703,1
3119,random,0.9779310584527074,1
3120,random,0.7375330276018044,1
3121,random,0.8288106975378757,1
3122,random,0.7609248949527908,1
3123,random,0.3500509107828413,1
3124,random,0.2310336494034515,1
3125,random,0.9127886345804761,1
3126,random,0.8528808262139495,1
3127,random,0.8334640260573655,1
3128,random,0.0765296453329779,0
3129,random,0.7688527664961309,1
3130,random,0.10338050965373004,1
3131,random,0.897767369150473,1
3132,random,0.24879991635179793,1
3133,random,0.8160095816668925,1
3134,random,0.8012649656337021,1
3135,random,0.9250743871237279,1
3136,random,0.5581702795417164,1
3137,random,0.7857952902598732,1
3138,random,0.4473344495241394,1
3139,random,0.5270863214291538,1
3140,random,0.5877890174326394,1
3141,random,0.9433980778469866,1
3142,random,0.9561648662217263,1
3143,random,0.7610981592647238,1
3144,random,0.5288779090294266,1
3145,random,0.3913483795693129,1
3146,random,0.3542258241196817,1
3147,random,0.2370713517465317,1
3148,random,0.717965731486644,1
3149,random,0.4859123711016647,1
3150,random,0.6454916429895337,1
3151,random,0.9239366379171271,1
3152,random,0.3572304585569681,1
3153,random,0.20331941531389355,1
3154,random,0.4694218977663987,1
3155,random,0.45734204042359355,1
3156,random,0.7115146886151164,1
3157,random,0.47348186554657773,1
3158,random,0.9688027252208482,1
3159,random,0.37687527382329716,1
3160,random,0.17886897276080965,1
3161,random,0.7831977815020034,1
3162,random,0.6897576392576145,1
3163,random,0.7143053935270558,1
3164,random,0.6984323581910437,1
3165,random,0.49295383051951,1
3166,random,0.5917071245034676,1
3167,random,0.91060134951139,1
3168,random,0.729861146991812,1
3169,random,0.9746669215059527,1
3170,random,0.5222456158768991,1
3171,random,0.3270303990207236,1
3172,random,0.8195215349784593,1
3173,random,0.9679835700694386,1
3174,random,0.8910934464483782,1
3175,random,0.7281153953804929,1
3176,random,0.8110733362423139,1
3177,random,0.7117101509429455,1
3178,random,0.6152481458231738,1
3179,random,0.4073057203077948,1
3180,random,0.47141177752535046,1
3181,random,0.7866628339703372,1
3182,random,0.4579273656726879,1
3183,random,0.4064390216042255,1
3184,random,0.8549946149507829,1
3185,random,0.9735139717030618,1
3186,random,0.7113152967837003,1
3187,random,0.9856937329206807,1
3188,random,0.7103205306420158,1
3189,random,0.9107367428602615,1
3190,random,0.3854697888597467,1
3191,random,0.21862336481985567,1
3192,random,0.611029649186206,1
3193,random,0.5917268176079324,1
3194,random,0.925636055304352,1
3195,random,0.9618642836538583,1
3196,random,0.7091379862368123,1
3197,random,0.7788177382958695,1
3198,random,0.3673613121385521,1
3199,random,0.8666576368194305,1
3200,random,0.8657526018269538,1
3201,random,0.7789582884862767,1
3202,random,0.5264917218456849,1
3203,random,0.2008150534690408,1
3204,random,0.43975713247523296,1
3205,random,0.8140129549847892,1
3206,random,0.03487101151560311,0
3207,random,0.35499747227338513,1
3208,random,0.7913848370759704,1
3209,random,0.5774340394486179,1
3210,random,0.7445701184929281,1
3211,random,0.909634494755297,1
3212,random,0.05883493016200964,0
3213,random,0.793237200763161,1
3214,random,0.734035333319555,1
3215,random,0.0659311496639869,0
3216,random,0.30440531710955276,1
3217,random,0.7987181059299308,1
3218,random,0.47089684690196554,1
3219,random,0.4569788224353752,1
3220,random,0.5489468026913756,1
3221,random,0.48355796107608945,1
3222,random,0.18015318567572197,1
3223,random,0.17159153445919528,1
3224,random,0.7472565386999623,1
3225,random,0.07811763522764087,0
3226,random,0.3079704851033872,1
3227,random,0.10384772904183485,1
3228,random,0.7126096853709258,1
3229,random,0.22374840496754034,1
3230,random,0.4666410688606509,1
3231,random,0.8802058582225405,1
3232,random,0.8512296578367685,1
3233,random,0.4327925339876963,1
3234,random,0.6630714933587207,1
3235,random,0.8250377240279118,1
3236,random,0.5940249678709862,1
3237,random,0.6634267179454664,1
3238,random,0.6482856982892047,1
3239,random,0.19348218692902086,1
3240,random,0.6514918984124374,1
3241,random,0.3949639429821846,1
3242,random,0.8894492068360617,1
3243,random,0.2234414650953286,1
3244,random,0.23629203102893784,1
3245,random,0.8150674939962873,1
3246,random,0.554459503268479,1
3247,random,0.7540981664016801,1
3248,random,0.40757426163837696,1
3249,random,0.5956447279721809,1
3250,random,0.5189573962871741,1
3251,random,0.2526445604708739,1
3252,random,0.5582997347931377,1
3253,random,0.6382322402590204,1
3254,random,0.5929732267208321,1
3255,random,0.7030142641303052,1
3256,random,0.4356567884018367,1
3257,random,0.8362212738406549,1
3258,random,0.4807832203896831,1
3259,random,0.5729847130167411,1
3260,random,0.4720292876113387,1
3261,random,0.46167120220135205,1
3262,random,0.37239170061033217,1
3263,random,0.3514577630509041,1
3264,random,0.7112044832210328,1
3265,random,0.7865732583588823,1
3266,random,0.6187684016866748,1
3267,random,0.8122580135577302,1
3268,random,0.879767674466908,1
3269,random,0.5147398179559177,1
3270,random,0.7855784162061566,1
3271,random,0.14918501168757742,1
3272,random,0.4074123990490894,1
3273,random,0.7467756312295234,1
3274,random,0.3928734678152537,1
3275,random,0.5046699617294939,1
3276,random,0.5352492102823438,1
3277,random,0.9358680865965885,1
3278,random,0.3427391535288774,1
3279,random,0.2074999485026887,1
3280,random,0.3395562708691022,1
3281,random,0.3917635582355781,1
3282,random,0.6846975894885403,1
3283,random,0.23831588746367752,1
3284,random,0.6317014510050433,1
3285,random,0.7327248688232694,1
3286,random,0.474666576982033,1
3287,random,0.7141952308840065,1
3288,random,0.8776622512387607,1
3289,random,0.1532671039619746,1
3290,random,0.43548236001936236,1
3291,random,0.6602561004767981,1
3292,random,0.8261496636570188,1
3293,random,0.6526583806571822,1
3294,random,0.5000070843118151,1
3295,random,0.40624662305070447,1
3296,random,0.2144926764305338,1
3297,random,0.8599054326329538,1
3298,random,0.5014410079177867,1
3299,random,0.6081428751948246,1
3300,random,0.4691470099476889,1
3301,random,0.48948090197042965,1
3302,random,0.7325097228307615,1
3303,random,0.19679452147533358,1
3304,random,0.6958625079090139,1
3305,random,0.4680120515101046,1
3306,random,0.9064013858832143,1
3307,random,0.8643646678701838,1
3308,random,0.5850978999600809,1
3309,random,0.5270950358642152,1
3310,random,0.29927237044969196,1
3311,random,0.782863365424875,1
3312,random,0.5649238393419638,1
3313,random,0.6209024698442757,1
3314,random,0.0963688265279965,0
3315,random,0.08011247063233758,0
3316,random,0.8349118251135835,1
3317,random,0.8363399485175681,1
3318,random,0.8976912225259427,1
3319,random,0.5378064508515638,1
3320,random,0.7136379964878383,1
3321,random,0.9846823162455819,1
3322,random,0.5422024741234998,1
3323,random,0.43101830975888356,1
3324,random,0.23821716460512804,1
3325,random,0.0027171069890846253,0
3326,random,0.4082240831707731,1
3327,random,0.6478474792525164,1
3328,random,0.36882807821663344,1
3329,random,0.6418265885464075,1
3330,random,0.17547539521803748,1
3331,random,0.660300715247193,1
3332,random,0.2665659067172394,1
3333,random,0.7883123807978618,1
3334,random,0.7892242714938028,1
3335,random,0.34922917835307127,1
3336,random,0.3045748763158571,1
3337,random,0.5421592438782509,1
3338,random,0.361517277778318,1
3339,random,0.41245771027193,1
3340,random,0.7463461052280569,1
3341,random,0.635151295054112,1
3342,random,0.6167452924978845,1
3343,random,0.9452259915476761,1
3344,random,0.8121227245494853,1
3345,random,0.43405904822567276,1
3346,random,0.6226130942635927,1
3347,random,0.5556020167925891,1
3348,random,0.10332837105837961,1
3349,random,0.5183485743767204,1
3350,random,0.8222810916107329,1
3351,random,0.8154017804065897,1
3352,random,0.7595285680660199,1
3353,random,0.8365102019015752,1
3354,random,0.948286611279381,1
3355,random,0.6520070925487998,1
3356,random,0.8757828121485772,1
3357,random,0.7945451751534799,1
3358,random,0.8217043439649464,1
3359,random,0.23219853996585935,1
3360,random,0.19810517094720262,1
3361,random,0.9200524171032605,1
3362,random,0.8249310509363631,1
3363,random,0.7732992921400623,1
3364,random,0.68881253516698,1
3365,random,0.46006493504362683,1
3366,random,0.8904224615699573,1
3367,random,0.35082282008018617,1
3368,random,0.21834732775263027,1
3369,random,0.5630351516091299,1
3370,random,0.480509911783245,1
3371,random,0.29532757008711435,1
3372,random,0.04381638143643011,0
3373,random,0.7864822452763105,1
3374,random,0.441208781741495,1
3375,random,0.06118106646473506,0
3376,random,0.30019208720379814,1
3377,random,0.30569577079668375,1
3378,random,0.9145092858161699,1
3379,random,0.25054352722071505,1
3380,random,0.0345076725726117,0
3381,random,0.7979857337101521,1
3382,random,0.8432158093714299,1
3383,random,0.11819639291753564,1
3384,random,0.39743546126010665,1
3385,random,0.7948336770618268,1
3386,random,0.4301288673677861,1
3387,random,0.851210215727185,1
3388,random,0.39925509941014287,1
3389,random,0.4461665170794334,1
3390,random,0.5243158055666397,1
3391,random,0.5786226362664624,1
3392,random,0.3958410837060845,1
3393,random,0.35191070882166026,1
3394,random,0.8811253450004741,1
3395,random,0.36643750245151857,1
3396,random,0.08832347475457655,0
3397,random,0.6396110967784366,1
3398,random,0.023565201197053662,0
3399,random,0.10256084248382219,1
3400,random,0.9237733837262841,1
3401,random,0.6506725547984001,1
3402,random,0.832957051065767,1
3403,random,0.5052396428220591,1
3404,random,0.5757437442798738,1
3405,random,0.7697027421602473,1
3406,random,0.49158121162569657,1
3407,random,0.7007296334407185,1
3408,random,0.1453113132455992,1
3409,random,0.5098220488977179,1
3410,random,0.6291149837873395,1
3411,random,0.7323980542745391,1
3412,random,0.697676935686841,1
3413,random,0.8128247372914479,1
3414,random,0.0848906317079166,0
3415,random,0.41341186091677673,1
3416,random,0.5266804872730902,1
3417,random,0.85336081328289,1
3418,random,0.7980886009046506,1
3419,random,0.6068301383678611,1
3420,random,0.6237081874443541,1
3421,random,0.9342489587533138,1
3422,random,0.7453154686872433,1
3423,random,0.8084807680041285,1
3424,random,0.8061243255356507,1
3425,random,0.4845721584942638,1
3426,random,0.4541360186859436,1
3427,random,0.3477150474603048,1
3428,random,0.7232025754609414,1
3429,random,0.37117418401446134,1
3430,random,0.4468704935113407,1
3431,random,0.20844079761840534,1
3432,random,0.9671600831674609,1
3433,random,0.5294281965426851,1
3434,random,0.7686981278645596,1
3435,random,0.8520414758809248,1
3436,random,0.35699393793178885,1
3437,random,0.6736746668200853,1
3438,random,0.2584326216874664,1
3439,random,0.6720862589254728,1
3440,random,0.5396882200632573,1
3441,random,0.9215611054009102,1
3442,random,0.9426122627418503,1
3443,random,0.2828951302239191,1
3444,random,0.2839546649109767,1
3445,random,0.5366190413242725,1
3446,random,0.8522251555017764,1
3447,random,0.6699466851721309,1
3448,random,0.8653925763829599,1
3449,random,0.1806252596474863,1
3450,random,0.7850319655310974,1
3451,random,0.6404642118938054,1
3452,random,0.5283540364163479,1
3453,random,0.8557400762053896,1
3454,random,0.19164923924085658,1
3455,random,0.1341307195941781,1
3456,random,0.6406106651259058,1
3457,random,0.21127616885854708,1
3458,random,0.3902689356074348,1
3459,random,0.6753031403043473,1
3460,random,0.5180941089831352,1
3461,random,0.739714999095701,1
3462,random,0.6276515708558331,1
3463,random,0.3797964838408539,1
3464,random,0.7275980240005139,1
3465,random,0.6317389430895065,1
3466,random,0.5759594719876581,1
3467,random,0.5168634825031085,1
3468,random,0.8685116007226956,1
3469,random,0.6394630884086687,1
3470,random,0.9650541739307195,1
3471,random,0.35557769761200736,1
3472,random,0.44123535236726963,1
3473,random,0.42581879860558763,1
3474,random,0.4106414351266413,1
3475,random,0.6507362621406115,1
3476,random,0.8916143790056144,1
3477,random,0.778885132358091,1
3478,random,0.8831948901503561,1
3479,random,0.5872299623165937,1
3480,random,0.5450279619542271,1
3481,random,0.72937614520056,1
3482,random,0.3727748855359321,1
3483,random,0.4549523725084501,1
3484,random,0.6657587660035647,1
3485,random,0.5006657313331903,1
3486,random,0.5943132928449285,1
3487,random,0.9045978225576147,1
3488,random,0.884345586119137,1
3489,random,0.5604303140113245,1
3490,random,0.40962301452208744,1
3491,random,0.6801989706900208,1
3492,random,0.5949896309172348,1
3493,random,0.4884476794005336,1
3494,random,0.24300003884383112,1
3495,random,0.7781366035186094,1
3496,random,0.859511881373569,1
3497,random,0.675514105677326,1
3498,random,0.688376877083359,1
3499,random,0.061504829412594254,0
3500,random,0.4995590677148199,1
3501,random,0.18513928139649438,1
3502,random,0.9204601915584656,1
3503,random,0.9232527262811401,1
3504,random,0.3490408781487356,1
3505,random,0.7885806935626748,1
3506,random,0.819549055461467,1
3507,random,0.45520001691873313,1
3508,random,0.2707362870056295,1
3509,random,0.28226003233111346,1
3510,random,0.7477442829973601,1
3511,random,0.7926422018905632,1
3512,random,0.3204640951253395,1
3513,random,0.5706283868879722,1
3514,random,0.4483081070456086,1
3515,random,0.9050217060680819,1
3516,random,0.4424592805523914,1
3517,random,0.19675300542099336,1
3518,random,0.509654255164786,1
3519,random,0.281836252054691,1
3520,random,0.9472943877057362,1
3521,random,0.27005557605255237,1
3522,random,0.3071594715324874,1
3523,random,0.7790584304754723,1
3524,random,0.8192723635674308,1
3525,random,0.8389155435978779,1
3526,random,0.7812859556878109,1
3527,random,0.6259975392705728,1
3528,random,0.47930679878968596,1
3529,random,0.7256463937639092,1
3530,random,0.8205830991702016,1
3531,random,0.5443261389046894,1
3532,random,0.20414393334625355,1
3533,random,0.2092328123671441,1
3534,random,0.7057425504885886,1
3535,random,0.16683023451591153,1
3536,random,0.7984068316824896,1
3537,random,0.9372809781013463,1
3538,random,0.9030077506213701,1
3539,random,0.7142588497074565,1
3540,random,0.7571547616398824,1
3541,random,0.05301485681366954,0
3542,random,0.6452947218184781,1
3543,random,0.2279805853737345,1
3544,random,0.360765633523349,1
3545,random,0.463537585968028,1
3546,random,0.11571400691147035,1
3547,random,0.29232997754348794,1
3548,random,0.8059428761609558,1
3549,random,0.16643035620587754,1
3550,random,0.4294907058785722,1
3551,random,0.4495066236620792,1
3552,random,0.8754366135387851,1
3553,random,0.8287560376081764,1
3554,random,0.19757050244116972,1
3555,random,0.4814239224914473,1
3556,random,0.8363244625791676,1
3557,random,0.30890495597704265,1
3558,random,0.9737428155991137,1
3559,random,0.48219001718108845,1
3560,random,0.9368899566881099,1
3561,random,0.8768314810406055,1
3562,random,0.4546635233397365,1
3563,random,0.8174818826994132,1
3564,random,0.12746587569148277,1
3565,random,0.833769417057683,1
3566,random,0.8134511229166199,1
3567,random,0.4298465023439374,1
3568,random,0.9592412021063177,1
3569,random,0.9049123900889372,1
3570,random,0.8236162985345904,1
3571,random,0.5636174997700958,1
3572,random,0.6460241433824004,1
3573,random,0.9011390193114083,1
3574,random,0.6525287861138778,1
3575,random,0.5337280778239649,1
3576,random,0.31469709627738424,1
3577,random,0.2066596705609124,1
3578,random,0.13601806549190187,1
3579,random,0.5708743336696975,1
3580,random,0.9304112122436491,1
3581,random,0.7794274023590507,1
3582,random,0.8158467218598108,1
3583,random,0.15840896453381836,1
3584,random,0.6850804189225588,1
3585,random,0.6394792533178579,1
3586,random,0.03156155827036191,0
3587,random,0.23501727313694712,1
3588,random,0.22342572396213595,1
3589,random,0.942813381913286,1
3590,random,0.4819768027780093,1
3591,random,0.5385954617581593,1
3592,random,0.8567361964540685,1
3593,random,0.5626953553865143,1
3594,random,0.8856581515354678,1
3595,random,0.6949102244003931,1
3596,random,0.6540321470007044,1
3597,random,0.7930661728356164,1
3598,random,0.7576748936674804,1
3599,random,0.8067041352080837,1
3600,random,0.8182786334678127,1
3601,random,0.42476413192003093,1
3602,random,0.27990989731281823,1
3603,random,0.8765997946567777,1
3604,random,0.8752294513322568,1
3605,random,0.3392358646112965,1
3606,random,0.2568191240407769,1
3607,random,0.4588543957882914,1
3608,random,0.5459673895068333,1
3609,random,0.640971533325104,1
3610,random,0.7817380916504559,1
3611,random,0.6015387658619614,1
3612,random,0.37510745490075814,1
3613,random,0.546922545824332,1
3614,random,0.37037596209495854,1
3615,random,0.437760463293063,1
3616,random,0.4313242959051845,1
3617,random,0.37328665093274604,1
3618,random,0.5653824502307232,1
3619,random,0.751306226885272,1
3620,random,0.7854675859132728,1
3621,random,0.5941786191478101,1
3622,random,0.8685800178990765,1
3623,random,0.8090024084322631,1
3624,random,0.7448220939517837,1
3625,random,0.7005570935613094,1
3626,random,0.3599978486460256,1
3627,random,0.19412800526854257,1
3628,random,0.5192324139601961,1
3629,random,0.2196475376586273,1
3630,random,0.2491294063151035,1
3631,random,0.5064889774047525,1
3632,random,0.9260124696237364,1
3633,random,0.6341529200807002,1
3634,random,0.3763402532426911,1
3635,random,0.3827407187200433,1
3636,random,0.5899957496297458,1
3637,random,0.6501517792260699,1
3638,random,0.48369388242295686,1
3639,random,0.6110908921565776,1
3640,random,0.3663370797975357,1
3641,random,0.3956832307166057,1
3642,random,0.4587559735985837,1
3643,random,0.604178744100761,1
3644,random,0.7599772424163735,1
3645,random,0.9492941433757668,1
3646,random,0.8108644757439151,1
3647,random,0.45696717382016244,1
3648,random,0.7039337415186647,1
3649,random,0.5389685682427661,1
3650,random,0.2779652001425087,1
3651,random,0.269778755028083,1
3652,random,0.14422276335253792,1
3653,random,0.5281947720847405,1
3654,random,0.3287145865519305,1
3655,random,0.4612831616034556,1
3656,random,0.25510933344125913,1
3657,random,0.510553615819783,1
3658,random,0.10631150149479052,1
3659,random,0.8378756851912099,1
3660,random,0.5212727832630818,1
3661,random,0.18030560109942226,1
3662,random,0.5181209109425212,1
3663,random,0.5466001369166612,1
3664,random,0.6387436787697434,1
3665,random,0.8611317893446193,1
3666,random,0.3738056741769457,1
3667,random,0.6025285250119172,1
3668,random,0.19539219156953183,1
3669,random,0.9212122989595372,1
3670,random,0.12154435297981385,1
3671,random,0.5373904747282269,1
3672,random,0.28149007560139305,1
3673,random,0.9362157011666128,1
3674,random,0.5069089120962247,1
3675,random,0.19007375708863558,1
3676,random,0.5211899087585371,1
3677,random,0.5969449373120493,1
3678,random,0.6238525074620036,1
3679,random,0.8169600422572304,1
3680,random,0.45328331223500434,1
3681,random,0.6783826484834597,1
3682,random,0.8364516838489507,1
3683,random,0.5646528759176276,1
3684,random,0.4013780495840674,1
3685,random,0.4904723659526221,1
3686,random,0.6312722533581171,1
3687,random,0.3692008123349252,1
3688,random,0.8037344613993299,1
3689,random,0.664121615695213,1
3690,random,0.45047662372567693,1
3691,random,0.306881209179218,1
3692,random,0.5403959935047218,1
3693,random,0.593532156558507,1
3694,random,0.7988145652429971,1
3695,random,0.7009093088544782,1
3696,random,0.31621902036745764,1
3697,random,0.5338374687881223,1
3698,random,0.7690135081858027,1
3699,random,0.4651755861661242,1
3700,random,0.5933524868344399,1
3701,random,0.6303872430645903,1
3702,random,0.23758398138289175,1
3703,random,0.215377319961869,1
3704,random,0.8845556623906384,1
3705,random,0.8085378004114092,1
3706,random,0.8009645838709911,1
3707,random,0.6488667030196718,1
3708,random,0.7039138809291449,1
3709,random,0.8976205631119845,1
3710,random,0.7155678877743902,1
3711,random,0.3411271157475765,1
3712,random,0.8852579173773029,1
3713,random,0.23728430341134135,1
3714,random,0.9776867293068408,1
3715,random,0.4815857709443212,1
3716,random,0.3262310146536677,1
3717,random,0.3316163259178673,1
3718,random,0.7649475178391861,1
3719,random,0.4581379613020129,1
3720,random,0.8048699251949891,1
3721,random,0.6022796418267171,1
3722,random,0.42497845429930864,1
3723,random,0.6667527418151057,1
3724,random,0.3051194809181037,1
3725,random,0.4692252477212568,1
3726,random,0.4720106618573082,1
3727,random,0.8323154819532467,1
3728,random,0.9850285570360423,1
3729,random,0.4967923578037723,1
3730,random,0.5887186320607017,1
3731,random,0.39275104841983133,1
3732,random,0.442651812053096,1
3733,random,0.9779132021472259,1
3734,random,0.709100759029852,1
3735,random,0.28498308851019294,1
3736,random,0.8721305324987029,1
3737,random,0.521366122101199,1
3738,random,0.12472456299346812,1
3739,random,0.8052285429184634,1
3740,random,0.9073429866015704,1
3741,random,0.9218407515062823,1
3742,random,0.7733049641197973,1
3743,random,0.8748566276839733,1
3744,random,0.8906296085837945,1
3745,random,0.6600788374949131,1
3746,random,0.7160914269729584,1
3747,random,0.8409572966209241,1
3748,random,0.36057889283729033,1
3749,random,0.5993907737689066,1
3750,random,0.9751283464566631,1
3751,random,0.4385186519019316,1
3752,random,0.34872955208461776,1
3753,random,0.660045679980173,1
3754,random,0.6649431618818292,1
3755,random,0.4310790277602624,1
3756,random,0.3069290136191437,1
3757,random,0.6033537368614984,1
3758,random,0.4219472593818214,1
3759,random,0.656885293472518,1
3760,random,0.5093965105297883,1
3761,random,0.6970054200204712,1
3762,random,0.8211736012850409,1
3763,random,0.627133380970712,1
3764,random,0.9677810011868582,1
3765,random,0.3204628565170586,1
3766,random,0.8557666063732392,1
3767,random,0.6229994556139385,1
3768,random,0.7489488227208743,1
3769,random,0.487382240966809,1
3770,random,0.05099583496099333,0
3771,random,0.1400473792595964,1
3772,random,0.1744206992624943,1
3773,random,0.5915957669299244,1
3774,random,0.40232387580955764,1
3775,random,0.5642995971716904,1
3776,random,0.7921498171968229,1
3777,random,0.8030106328683845,1
3778,random,0.8333794765666835,1
3779,random,0.8925266441893649,1
3780,random,0.6062244128936372,1
3781,random,0.5170560617748318,1
3782,random,0.7750082038789289,1
3783,random,0.9658716195440566,1
3784,random,0.47918632647249515,1
3785,random,0.5173679046452875,1
3786,random,0.4958776643899728,1
3787,random,0.6504239682809483,1
3788,random,0.3931530977555117,1
3789,random,0.7399081056867927,1
3790,random,0.8029214253058591,1
3791,random,0.6755554811672684,1
3792,random,0.17599708645682285,1
3793,random,0.6896678845091494,1
3794,random,0.7965151424727736,1
3795,random,0.5477780069655604,1
3796,random,0.31183307316245273,1
3797,random,0.8446998850858702,1
3798,random,0.3779928994614793,1
3799,random,0.6371556255920069,1
3800,random,0.3667987608906906,1
3801,random,0.6257559627669049,1
3802,random,0.660397899736377,1
3803,random,0.6668631553995369,1
3804,random,0.7588501009818791,1
3805,random,0.7003020029139181,1
3806,random,0.8291840474819245,1
3807,random,0.29813734517358137,1
3808,random,0.3520299108075794,1
3809,random,0.6400484841247837,1
3810,random,0.26624164997831073,1
3811,random,0.09375600102342704,0
3812,random,0.6560498750775241,1
3813,random,0.8565187250552301,1
3814,random,0.236652214915924,1
3815,random,0.7494796963513578,1
3816,random,0.43622770870781785,1
3817,random,0.550980812202031,1
3818,random,0.22769988885443368,1
3819,random,0.24638780617430908,1
3820,random,0.14889676432277654,1
3821,random,0.4365596134647107,1
3822,random,0.6477547769375636,1
3823,random,0.3433018209971431,1
3824,random,0.8336937802981031,1
3825,random,0.3431971615400645,1
3826,random,0.7219837726784935,1
3827,random,0.9284861375022945,1
3828,random,0.6977178094195798,1
3829,random,0.7874843832921241,1
3830,random,0.7818984584153091,1
3831,random,0.48386478900260005,1
3832,random,0.646607797394758,1
3833,random,0.25515029391834143,1
3834,random,0.6966980043161624,1
3835,random,0.4649580755137523,1
3836,random,0.8777781185993552,1
3837,random,0.45262575843561026,1
3838,random,0.7641723888656999,1
3839,random,0.26420116519670944,1
3840,random,0.3687627178325923,1
3841,random,0.5916327339524154,1
3842,random,0.6645965631632793,1
3843,random,0.5029778766137506,1
3844,random,0.8072632613767562,1
3845,random,0.6402970447362969,1
3846,random,0.6941905478496548,1
3847,random,0.3766659215571556,1
3848,random,0.9059946472889329,1
3849,random,0.5021696861052355,1
3850,random,0.9488894332071041,1
3851,random,0.23526428160083282,1
3852,random,0.6104491333551407,1
3853,random,0.2530344937880694,1
3854,random,0.6869324067703877,1
3855,random,0.3327290446844944,1
3856,random,0.6211220593397689,1
3857,random,0.8860549209734317,1
3858,random,0.7495236488749432,1
3859,random,0.3023462037551224,1
3860,random,0.7936223019642443,1
3861,random,0.8551287705753053,1
3862,random,0.341702397828479,1
3863,random,0.7514412627761848,1
3864,random,0.5685232903677583,1
3865,random,0.2920054564129976,1
3866,random,0.4487556466784104,1
3867,random,0.22445935743233272,1
3868,random,0.8319232553814179,1
3869,random,0.1992848131300735,1
3870,random,0.742780548339767,1
3871,random,0.7072016410510497,1
3872,random,0.48294375697181147,1
3873,random,0.38738392171099095,1
3874,random,0.5527884958177198,1
3875,random,0.48214440450958124,1
3876,random,0.495224938360782,1
3877,random,0.146645547432973,1
3878,random,0.8063020888983558,1
3879,random,0.9495294649341984,1
3880,random,0.5142797260366575,1
3881,random,0.5139609457163502,1
3882,random,0.5961390512964672,1
3883,random,0.5583371646680629,1
3884,random,0.25517580232210063,1
3885,random,0.49401754755213395,1
3886,random,0.8199157979563093,1
3887,random,0.24534400716449423,1
3888,random,0.6461785908131359,1
3889,random,0.3968603090538411,1
3890,random,0.8560594510377944,1
3891,random,0.7654323327152396,1
3892,random,0.40023490608901224,1
3893,random,0.8148868341593158,1
3894,random,0.592410796131766,1
3895,random,0.8631485229148191,1
3896,random,0.8971536007318048,1
3897,random,0.826927277426981,1
3898,random,0.1322484526896361,1
3899,random,0.6454386522199045,1
3900,random,0.7313591165125309,1
3901,random,0.8110304620462301,1
3902,random,0.8774982835926938,1
3903,random,0.2646689648232848,1
3904,random,0.6846128010956997,1
3905,random,0.7169252652383716,1
3906,random,0.6904623042486856,1
3907,random,0.26181936190299837,1
3908,random,0.8472006042504011,1
3909,random,0.7280886262944265,1
3910,random,0.6857999721701641,1
3911,random,0.32389630046580087,1
3912,random,0.30291960877600127,1
3913,random,0.6209746969862523,1
3914,random,0.6148235000843757,1
3915,random,0.30326338089189003,1
3916,random,0.5492512353563188,1
3917,random,0.7134535927037634,1
3918,random,0.7200401238764108,1
3919,random,0.8198475951640964,1
3920,random,0.7918708197149733,1
3921,random,0.3504633271801793,1
3922,random,0.27488195067633353,1
3923,random,0.5099476462194422,1
3924,random,0.6185658661623554,1
3925,random,0.22355268392607766,1
3926,random,0.7755228246234,1
3927,random,0.9149619392150571,1
3928,random,0.5832871616798306,1
3929,random,0.8521272645676436,1
3930,random,0.8268542975292017,1
3931,random,0.9158092703255126,1
3932,random,0.6452521794114527,1
3933,random,0.8053019611138996,1
3934,random,0.5227219607527434,1
3935,random,0.8915345721417919,1
3936,random,0.6771493745891057,1
3937,random,0.14359584763023678,1
3938,random,0.25801197311259133,1
3939,random,0.7845766243355775,1
3940,random,0.19219132140988676,1
3941,random,0.7592694467027176,1
3942,random,0.4215475094587807,1
3943,random,0.901794150645758,1
3944,random,0.20189301218784245,1
3945,random,0.5622487976207239,1
3946,random,0.6229929232402133,1
3947,random,0.9984853371322617,1
3948,random,0.19760806053899346,1
3949,random,0.2781262166331774,1
3950,random,0.8144968066519197,1
3951,random,0.7264935539046282,1
3952,random,0.741034147461846,1
3953,random,0.8165953484741368,1
3954,random,0.4682953300864961,1
3955,random,0.19694886577996884,1
3956,random,0.5902100803956631,1
3957,random,0.6288377810057769,1
3958,random,0.6882216023826244,1
3959,random,0.2903782858824385,1
3960,random,0.7678554200301171,1
3961,random,0.8556758384571983,1
3962,random,0.8822457813412693,1
3963,random,0.9105670603719499,1
3964,random,0.7192030919814031,1
3965,random,0.8605198975035567,1
3966,random,0.7119138625102694,1
3967,random,0.372719415741516,1
3968,random,0.23356046412175366,1
3969,random,0.6813283755955138,1
3970,random,0.8742799780480911,1
3971,random,0.756352687678378,1
3972,random,0.8692078644387833,1
3973,random,0.26397264185618463,1
3974,random,0.3099924307256101,1
3975,random,0.353814964731243,1
3976,random,0.7698885556191857,1
3977,random,0.5114814764623725,1
3978,random,0.24410682759885813,1
3979,random,0.24579047586745723,1
3980,random,0.602819393979597,1
3981,random,0.7781303284117205,1
3982,random,0.5018894557251657,1
3983,random,0.5429012456060919,1
3984,random,0.9051461115140609,1
3985,random,0.6934364362931345,1
3986,random,0.7255024048180018,1
3987,random,0.3689510517675119,1
3988,random,0.7424647061487663,1
3989,random,0.8592628788475072,1
3990,random,0.6099375983116562,1
3991,random,0.6604304118526362,1
3992,random,0.4966556719955337,1
3993,random,0.6154536595144897,1
3994,random,0.8247534425720802,1
3995,random,0.5700507607977535,1
3996,random,0.7091646881044746,1
3997,random,0.7269793589095754,1
3998,random,0.6300809925900621,1
3999,random,0.7137628076839162,1
4000,random,0.7818891608394066,1
4001,random,0.7026415033231306,1
4002,random,0.6220388661957154,1
4003,random,0.3731860821411781,1
4004,random,0.4199890477368757,1
4005,random,0.3432576969454771,1
4006,random,0.38104196411725794,1
4007,random,0.40447395096222316,1
4008,random,0.9650851976974839,1
4009,random,0.9233380541771529,1
4010,random,0.952123382812967,1
4011,random,0.3809468043699817,1
4012,random,0.544566891337127,1
4013,random,0.904996267214092,1
4014,random,0.9263287648148372,1
4015,random,0.866240552485075,1
4016,random,0.35267982710374346,1
4017,random,0.2080188145813782,1
4018,random,0.8669636921562202,1
4019,random,0.5376560219984389,1
4020,random,0.6263482374363792,1
4021,random,0.3866276463307725,1
4022,random,0.6688668778444103,1
4023,random,0.825963998144063,1
4024,random,0.5251102556599831,1
4025,random,0.5444061298731003,1
4026,random,0.7837504938163397,1
4027,random,0.48086742783223557,1
4028,random,0.9989289287472499,1
4029,random,0.8326132091856573,1
4030,random,0.547567489299441,1
4031,random,0.4875070785619707,1
4032,random,0.8063674386391527,1
4033,random,0.5888691846983124,1
4034,random,0.4331900323190293,1
4035,random,0.7522586280689983,1
4036,random,0.5625187931415713,1
4037,random,0.47131935434165023,1
4038,random,0.8931899955372674,1
4039,random,0.5702015357796318,1
4040,random,0.3707262624033951,1
4041,random,0.7529784957214031,1
4042,random,0.9504587141148115,1
4043,random,0.5348413126961834,1
4044,random,0.6852396102923446,1
4045,random,0.9461291068513541,1
4046,random,0.6025641449890112,1
4047,random,0.44416459895425275,1
4048,random,0.6461134659064672,1
4049,random,0.9845619505108029,1
4050,random,0.7405251925050047,1
4051,random,0.7497364326249758,1
4052,random,0.4325122349203347,1
4053,random,0.4314419169919747,1
4054,random,0.6818908468048528,1
4055,random,0.705848955453416,1
4056,random,0.6508741920216085,1
4057,random,0.1200328213928905,1
4058,random,0.6123809533656954,1
4059,random,0.2694735512085612,1
4060,random,0.9270909420565372,1
4061,random,0.7138978534810793,1
4062,random,0.4730210259526921,1
4063,random,0.8953291779135514,1
4064,random,0.15496758971603186,1
4065,random,0.5092104328203799,1
4066,random,0.7086479572214202,1
4067,random,0.4460886461811712,1
4068,random,0.40733820715244046,1
4069,random,0.7288769739697673,1
4070,random,0.8914586896617553,1
4071,random,0.9609182660127694,1
4072,random,0.5449193239549781,1
4073,random,0.3724538289087048,1
4074,random,0.4933974918191328,1
4075,random,0.3930857335074886,1
4076,random,0.17938604503903574,1
4077,random,0.48177231602679366,1
4078,random,0.5237004818019821,1
4079,random,0.9515183638054332,1
4080,random,0.5850753965769632,1
4081,random,0.9036729158000301,1
4082,random,0.6935595265877207,1
4083,random,0.11864010276299763,1
4084,random,0.787321122921027,1
4085,random,0.4005000835313431,1
4086,random,0.6398435773735613,1
4087,random,0.09454005144109216,0
4088,random,0.47072618795206933,1
4089,random,0.44582873976137316,1
4090,random,0.5749846445004178,1
4091,random,0.8627225997314518,1
4092,random,0.5661601087872888,1
4093,random,0.7824187617821164,1
4094,random,0.7132687067743934,1
4095,random,0.9365780704378759,1
4096,random,0.37365749359513517,1
4097,random,0.24772769172779743,1
4098,random,0.33507296338331,1
4099,random,0.4579126804504261,1
4100,random,0.3600716129354437,1
4101,random,0.5615287873680044,1
4102,random,0.23963440820766646,1
4103,random,0.9046715680772155,1
4104,random,0.18484533992706884,1
4105,random,0.5054760527021512,1
4106,random,0.9381079975621698,1
4107,random,0.9024854248549999,1
4108,random,0.3491747824561733,1
4109,random,0.10921639090430818,1
4110,random,0.6030972758779416,1
4111,random,0.7744164456353485,1
4112,random,0.8105860037236031,1
4113,random,0.9275931570343586,1
4114,random,0.3999917895791275,1
4115,random,0.6813709084922452,1
4116,random,0.35608142258501935,1
4117,random,0.8868697958419463,1
4118,random,0.36937335788041553,1
4119,random,0.6143747239399258,1
4120,random,0.3228486677028565,1
4121,random,0.7532487691888491,1
4122,random,0.5104554096854191,1
4123,random,0.8179112304637582,1
4124,random,0.7936828497157109,1
4125,random,0.8831206309209179,1
4126,random,0.7594476176545446,1
4127,random,0.6083942029113067,1
4128,random,0.760014947601412,1
4129,random,0.47087557444351663,1
4130,random,0.913642823588122,1
4131,random,0.7984885197727698,1
4132,random,0.10267728041973379,1
4133,random,0.380785878203536,1
4134,random,0.15522499269185466,1
4135,random,0.8255129195520685,1
4136,random,0.19529423373091523,1
4137,random,0.3731775253085151,1
4138,random,0.1197188573031353,1
4139,random,0.7578334492692649,1
4140,random,0.7015445605190557,1
4141,random,0.798599426785965,1
4142,random,0.7517959985555538,1
4143,random,0.922431144463815,1
4144,random,0.6870502110397179,1
4145,random,0.12653661928119153,1
4146,random,0.5590349724380348,1
4147,random,0.7541201608022937,1
4148,random,0.5535033093438285,1
4149,random,0.44830982739150504,1
4150,random,0.8881732169366671,1
4151,random,0.4990950451875809,1
4152,random,0.5002358887394509,1
4153,random,0.15848595985667982,1
4154,random,0.6013035774638933,1
4155,random,0.6967272518452101,1
4156,random,0.8699050488926252,1
4157,random,0.7963926726756776,1
4158,random,0.5833072920100525,1
4159,random,0.4038548704593194,1
4160,random,0.22829911633413633,1
4161,random,0.6293428619111485,1
4162,random,0.35384461474633244,1
4163,random,0.9516978995837291,1
4164,random,0.8444198014046839,1
4165,random,0.8596105547186075,1
4166,random,0.770496075884135,1
4167,random,0.8427191999750107,1
4168,random,0.26801058305368824,1
4169,random,0.7203868007069669,1
4170,random,0.2195633411068407,1
4171,random,0.5707218865786301,1
4172,random,0.7992541207272024,1
4173,random,0.6324807016896412,1
4174,random,0.687858082042382,1
4175,random,0.8284294494993552,1
4176,random,0.0720477211423656,0
4177,random,0.5135466295001276,1
4178,random,0.7526466197311715,1
4179,random,0.317335443491417,1
4180,random,0.8147613734830734,1
4181,random,0.16185245789524313,1
4182,random,0.5353430458488151,1
4183,random,0.9364305357521813,1
4184,random,0.6834958394829482,1
4185,random,0.12259181409049531,1
4186,random,0.6040773704601964,1
4187,random,0.7439685335738522,1
4188,random,0.2548790469914674,1
4189,random,0.773271846197479,1
4190,random,0.16129101117159303,1
4191,random,0.6590993050792163,1
4192,random,0.9623314779988472,1
4193,random,0.5262603507918231,1
4194,random,0.8829163203945664,1
4195,random,0.4734050853695299,1
4196,random,0.9404442645632322,1
4197,random,0.6339349728309432,1
4198,random,0.8803926743352277,1
4199,random,0.7833631436988013,1
4200,random,0.7801777212739309,1
4201,random,0.8212383398607305,1
4202,random,0.7159921050433131,1
4203,random,0.8036792928400367,1
4204,random,0.6079789168161098,1
4205,random,0.8178287977040897,1
4206,random,0.8740633303152227,1
4207,random,0.4630894577644673,1
4208,random,0.4349011819826589,1
4209,random,0.5206659519012649,1
4210,random,0.534930954966759,1
4211,random,0.6514858962494667,1
4212,random,0.5915188592778657,1
4213,random,0.3827095822682166,1
4214,random,0.814174282786493,1
4215,random,0.3115671185717531,1
4216,random,0.8015521182765338,1
4217,random,0.47000220758926725,1
4218,random,0.9797885301306064,1
4219,random,0.7633551646066802,1
4220,random,0.12523529509042314,1
4221,random,0.3001732923702582,1
4222,random,0.15419414645975932,1
4223,random,0.902308602569183,1
4224,random,0.5776386021642752,1
4225,random,0.22704326713174472,1
4226,random,0.9051628798057436,1
4227,random,0.24282595125139456,1
4228,random,0.5009415458696599,1
4229,random,0.29771281735286825,1
4230,random,0.6709283914585565,1
4231,random,0.7079748467768124,1
4232,random,0.4884008731961498,1
4233,random,0.7123286231631669,1
4234,random,0.5183990148594315,1
4235,random,0.8089425326384067,1
4236,random,0.8050761399215346,1
4237,random,0.29820897228732784,1
4238,random,0.38139277417243156,1
4239,random,0.6572784497403373,1
4240,random,0.958840563668371,1
4241,random,0.4786410629889843,1
4242,random,0.7851919074397857,1
4243,random,0.7969741698414669,1
4244,random,0.33663877609154275,1
4245,random,0.8557750335825549,1
4246,random,0.7218562648893164,1
4247,random,0.917216054137249,1
4248,random,0.4762353077041349,1
4249,random,0.7607573708792922,1
4250,random,0.6362048415355915,1
4251,random,0.825029920174264,1
4252,random,0.8004804479144755,1
4253,random,0.494512402038727,1
4254,random,0.08825830140238834,0
4255,random,0.8730409684239729,1
4256,random,0.9798264952575226,1
4257,random,0.6102213259764302,1
4258,random,0.27923224146328257,1
4259,random,0.43802295362104976,1
4260,random,0.8146303186987248,1
4261,random,0.38837248581002937,1
4262,random,0.46131381594710225,1
4263,random,0.7972303229383582,1
4264,random,0.2369421233748864,1
4265,random,0.39895284027366007,1
4266,random,0.3785737728851194,1
4267,random,0.9633709444636065,1
4268,random,0.6490246142778449,1
4269,random,0.6287817601800719,1
4270,random,0.487870725754055,1
4271,random,0.32040902248879993,1
4272,random,0.44660850069798286,1
4273,random,0.9061661831085313,1
4274,random,0.7138860772533805,1
4275,random,0.5974231529662536,1
4276,random,0.9685655723722437,1
4277,random,0.6247171793951523,1
4278,random,0.5625337255988212,1
4279,random,0.9352194708332607,1
4280,random,0.8894316734065137,1
4281,random,0.7523190135557268,1
4282,random,0.7634015517725241,1
4283,random,0.34117313797389276,1
4284,random,0.45312805063164796,1
4285,random,0.3825887843779056,1
4286,random,0.7633414346042241,1
4287,random,0.676003285358686,1
4288,random,0.8482400095759386,1
4289,random,0.8118978908249272,1
4290,random,0.25426381989745706,1
4291,random,0.7858911854203781,1
4292,random,0.948999588277316,1
4293,random,0.7729588627466981,1
4294,random,0.49870783519897044,1
4295,random,0.9935916206337392,1
4296,random,0.7949023094511845,1
4297,random,0.29607854548527107,1
4298,random,0.23889404120253702,1
4299,random,0.6326766002299928,1
4300,random,0.8029004366766354,1
4301,random,0.4828797963223706,1
4302,random,0.8779825152079299,1
4303,random,0.7278037442672307,1
4304,random,0.8350593031792725,1
4305,random,0.6716737422888159,1
4306,random,0.6868399875241991,1
4307,random,0.7599853552118787,1
4308,random,0.6252260718406843,1
4309,random,0.7791203780655818,1
4310,random,0.4278605646472989,1
4311,random,0.584111976926871,1
4312,random,0.5403645147625197,1
4313,random,0.7743980992885974,1
4314,random,0.5347898186330197,1
4315,random,0.7589243371113568,1
4316,random,0.8635261870716628,1
4317,random,0.30765562413880315,1
4318,random,0.30946519912168585,1
4319,random,0.2531520829313789,1
4320,random,0.8567139629425092,1
4321,random,0.7873054645688006,1
4322,random,0.1464473352885341,1
4323,random,0.6730138756252585,1
4324,random,0.8235933920481068,1
4325,random,0.49431257712939264,1
4326,random,0.4735987248611603,1
4327,random,0.04697070975597219,0
4328,random,0.25427502374531735,1
4329,random,0.5985893102552673,1
4330,random,0.6098917111033186,1
4331,random,0.540560517147952,1
4332,random,0.6954859357476565,1
4333,random,0.5768317815718481,1
4334,random,0.8672832712398559,1
4335,random,0.659891184528775,1
4336,random,0.8914940465195629,1
4337,random,0.34714181533054533,1
4338,random,0.5477950589403922,1
4339,random,0.32227793758523154,1
4340,random,0.8872708553637377,1
4341,random,0.12028246095110509,1
4342,random,0.9958609925912842,1
4343,random,0.33527654568352633,1
4344,random,0.14983931651990726,1
4345,random,0.72959934649655,1
4346,random,0.8230369490887921,1
4347,random,0.5420603077692637,1
4348,random,0.8494420880489084,1
4349,random,0.4201977872756578,1
4350,random,0.3212606685144647,1
4351,random,0.9282872530445337,1
4352,random,0.9071956864507239,1
4353,random,0.5931610144750062,1
4354,random,0.9036774624693926,1
4355,random,0.7468884450651173,1
4356,random,0.6326683206922575,1
4357,random,0.31999071222360936,1
4358,random,0.8291418353772815,1
4359,random,0.852880043663982,1
4360,random,0.5741634945715539,1
4361,random,0.3051000401269642,1
4362,random,0.6063270132900784,1
4363,random,0.921196812846747,1
4364,random,0.29060237488751073,1
4365,random,0.7674581574519237,1
4366,random,0.19331198205562486,1
4367,random,0.5808842119059228,1
4368,random,0.1714745346338369,1
4369,random,0.9378690902975622,1
4370,random,0.5315209070174818,1
4371,random,0.4963499331031804,1
4372,random,0.5634383512080348,1
4373,random,0.16252544787847895,1
4374,random,0.4364826991044626,1
4375,random,0.8669222133398251,1
4376,random,0.5461037165404391,1
4377,random,0.519998578266658,1
4378,random,0.7341119349833723,1
4379,random,0.536729201022311,1
4380,random,0.8416534829918213,1
4381,random,0.4483183507821999,1
4382,random,0.4211792173303246,1
4383,random,0.7461993918257248,1
4384,random,0.21273975783939153,1
4385,random,0.7494834746867514,1
4386,random,0.9709461903617456,1
4387,random,0.18630664165061092,1
4388,random,0.7127425585488854,1
4389,random,0.8586505760678169,1
4390,random,0.9238848480052825,1
4391,random,0.8991574677212292,1
4392,random,0.7848686117806258,1
4393,random,0.4745841568341123,1
4394,random,0.4201663357541306,1
4395,random,0.22720138900420675,1
4396,random,0.4363334852149719,1
4397,random,0.8317197283426488,1
4398,random,0.5090552229060552,1
4399,random,0.3410013498878935,1
4400,random,0.4139600291438634,1
4401,random,0.7632832173132957,1
4402,random,0.8745577590518496,1
4403,random,0.5562477722453608,1
4404,random,0.46425979301538983,1
4405,random,0.3683020684358826,1
4406,random,0.9279699943902736,1
4407,random,0.7473678728470281,1
4408,random,0.8219429716861011,1
4409,random,0.8862261517871136,1
4410,random,0.9023863257997657,1
4411,random,0.3017586208938406,1
4412,random,0.8012945353970069,1
4413,random,0.4617849331756694,1
4414,random,0.1968800425574525,1
4415,random,0.4254175995927789,1
4416,random,0.8287198424920562,1
4417,random,0.897904328540047,1
4418,random,0.807088394359922,1
4419,random,0.7286986230869633,1
4420,random,0.3080934832792785,1
4421,random,0.6377096795931001,1
4422,random,0.5446586948527924,1
4423,random,0.8081864181708173,1
4424,random,0.5021762551392279,1
4425,random,0.8055541649398666,1
4426,random,0.8394887227485546,1
4427,random,0.8515686814686981,1
4428,random,0.5185207868793479,1
4429,random,0.7084975897334997,1
4430,random,0.6409538425606914,1
4431,random,0.5668311903817748,1
4432,random,0.2356625829636626,1
4433,random,0.8033691270313803,1
4434,random,0.3499812804316978,1
4435,random,0.4402064473674722,1
4436,random,0.5928340108906729,1
4437,random,0.6178181313453505,1
4438,random,0.06247919955672218,0
4439,random,0.9451819875661152,1
4440,random,0.33499377572686545,1
4441,random,0.8566403161963392,1
4442,random,0.7654822848898659,1
4443,random,0.9057678756387627,1
4444,random,0.2793414345829235,1
4445,random,0.5530762362914433,1
4446,random,0.8277823601236116,1
4447,random,0.18860193038952994,1
4448,random,0.5441764213310993,1
4449,random,0.37823529845378023,1
4450,random,0.8993375204335546,1
4451,random,0.8163920678382381,1
4452,random,0.40811271348632594,1
4453,random,0.7415817208127419,1
4454,random,0.7275993227158317,1
4455,random,0.5075818542614624,1
4456,random,0.6954711285001798,1
4457,random,0.8070750832293094,1
4458,random,0.48451414859156433,1
4459,random,0.08842164265428933,0
4460,random,0.7752474250723904,1
4461,random,0.815983754581556,1
4462,random,0.6483815514608101,1
4463,random,0.9688337246410992,1
4464,random,0.22562013144823542,1
4465,random,0.8744586582154986,1
4466,random,0.7091199407422051,1
4467,random,0.7602740286694102,1
4468,random,0.5697859830737734,1
4469,random,0.6452285098941049,1
4470,random,0.31314616501567893,1
4471,random,0.6873688242666052,1
4472,random,0.9102820976335032,1
4473,random,0.4634239850296224,1
4474,random,0.44310189261822475,1
4475,random,0.7053468822112736,1
4476,random,0.1887308590518287,1
4477,random,0.9183228319927834,1
4478,random,0.8661450325148363,1
4479,random,0.8709276272458496,1
4480,random,0.5855423390280736,1
4481,random,0.8926583846023894,1
4482,random,0.1416275363877744,1
4483,random,0.3388766299074745,1
4484,random,0.7017400035058613,1
4485,random,0.7015038146993273,1
4486,random,0.5618536162752269,1
4487,random,0.847059433613302,1
4488,random,0.5663733406553773,1
4489,random,0.5633176144890862,1
4490,random,0.09226647143907614,0
4491,random,0.7028054802290697,1
4492,random,0.6549632267283483,1
4493,random,0.6459904084895249,1
4494,random,0.49050696464686816,1
4495,random,0.48895883984029337,1
4496,random,0.7428683909086846,1
4497,random,0.8042193519474561,1
4498,random,0.1592022146393556,1
4499,random,0.7220336952782632,1
4500,random,0.9894550288850772,1
4501,random,0.5057067621947952,1
4502,random,0.7735612655447299,1
4503,random,0.6019443282248796,1
4504,random,0.7956315817403764,1
4505,random,0.42870598724294395,1
4506,random,0.5411299449145378,1
4507,random,0.6476046798332433,1
4508,random,0.8663234451488058,1
4509,random,0.07657887786351612,0
4510,random,0.12441583110668178,1
4511,random,0.39345478801693407,1
4512,random,0.7260186336839899,1
4513,random,0.938797607528211,1
4514,random,0.9134422725914965,1
4515,random,0.4948219998216275,1
4516,random,0.3529613399608046,1
4517,random,0.4256312377625896,1
4518,random,0.15853388744757915,1
4519,random,0.5830196829026139,1
4520,random,0.33210245596796406,1
4521,random,0.8482049689274173,1
4522,random,0.8665343190253343,1
4523,random,0.4056926367374515,1
4524,random,0.9410990179075295,1
4525,random,0.19106740699154814,1
4526,random,0.3272051856418254,1
4527,random,0.7335890882093604,1
4528,random,0.8723494289918069,1
4529,random,0.9228039162853299,1
4530,random,0.784788756125056,1
4531,random,0.3835010691252866,1
4532,random,0.9024255294073869,1
4533,random,0.42455119525350526,1
4534,random,0.34984605639445193,1
4535,random,0.22788688798427145,1
4536,random,0.9386737410687461,1
4537,random,0.21056982163135501,1
4538,random,0.3469254110725764,1
4539,random,0.3456576814011687,1
4540,random,0.6944344404772549,1
4541,random,0.37394890212722687,1
4542,random,0.9244250009209426,1
4543,random,0.8110484962392114,1
4544,random,0.8596032273556787,1
4545,random,0.8456000645819466,1
4546,random,0.8511264533380043,1
4547,random,0.5185998055453286,1
4548,random,0.32904472376524907,1
4549,random,0.7226247975182545,1
4550,random,0.973056105627765,1
4551,random,0.06664409200702179,0
4552,random,0.49524625792571547,1
4553,random,0.759904101813012,1
4554,random,0.7862147260077595,1
4555,random,0.7807044690009185,1
4556,random,0.3280686773365542,1
4557,random,0.6361435532614048,1
4558,random,0.519919676205324,1
4559,random,0.17568183250664646,1
4560,random,0.8304331738922778,1
4561,random,0.26305045161010276,1
4562,random,0.4713929127525104,1
4563,random,0.8307575805855623,1
4564,random,0.8305621224625432,1
4565,random,0.08895371319690373,0
4566,random,0.2556153706700572,1
4567,random,0.7842731607119691,1
4568,random,0.9310218295006206,1
4569,random,0.5524484265208001,1
4570,random,0.3190857249804931,1
4571,random,0.6202910730716862,1
4572,random,0.6615016644392028,1
4573,random,0.6717721122981666,1
4574,random,0.7870600316969835,1
4575,random,0.9037267394308108,1
4576,random,0.22292013261995194,1
4577,random,0.6780459845150213,1
4578,random,0.37606253706397985,1
4579,random,0.4358782138109516,1
4580,random,0.245363646035601,1
4581,random,0.3359275800835046,1
4582,random,0.34099267776860775,1
4583,random,0.6976746700551271,1
4584,random,0.6971797103491879,1
4585,random,0.8850872193398304,1
4586,random,0.7073714175954098,1
4587,random,0.9283538496393492,1
4588,random,0.9669892211953054,1
4589,random,0.9281164048764582,1
4590,random,0.7742873389480458,1
4591,random,0.4090717332427867,1
4592,random,0.9004477108611046,1
4593,random,0.8708762879407792,1
4594,random,0.29719410971975874,1
4595,random,0.35062545507386256,1
4596,random,0.6685441176630336,1
4597,random,0.6267432872396052,1
4598,random,0.17898041973464512,1
4599,random,0.7406428043834044,1
4600,random,0.9126948316849617,1
4601,random,0.4008638864949098,1
4602,random,0.7446106646216791,1
4603,random,0.5442941850663598,1
4604,random,0.8377979383651967,1
4605,random,0.38467332497050327,1
4606,random,0.3927994498957758,1
4607,random,0.6967898360511473,1
4608,random,0.7911466404220491,1
4609,random,0.8083346119821637,1
4610,random,0.5929353421138092,1
4611,random,0.7584283983602901,1
4612,random,0.7671368712471728,1
4613,random,0.5198418459607241,1
4614,random,0.6771941622274649,1
4615,random,0.49880460894604023,1
4616,random,0.9187764852709528,1
4617,random,0.7852371221840042,1
4618,random,0.7047745268381179,1
4619,random,0.6327730278592607,1
4620,random,0.893316291838525,1
4621,random,0.6380332730794384,1
4622,random,0.6645141153716885,1
4623,random,0.7452112536092299,1
4624,random,0.6507034337642599,1
4625,random,0.6607671546932964,1
4626,random,0.7593217995089292,1
4627,random,0.6564611891376698,1
4628,random,0.13722717193871295,1
4629,random,0.808791626018144,1
4630,random,0.9830678021393049,1
4631,random,0.5568111282422896,1
4632,random,0.45453066624766625,1
4633,random,0.9040117446332565,1
4634,random,0.7198311537649361,1
4635,random,0.45632031269904183,1
4636,random,0.5397180890849325,1
4637,random,0.6791088844224321,1
4638,random,0.3519436952317025,1
4639,random,0.7845474428053724,1
4640,random,0.5942881635243386,1
4641,random,0.5522870149055353,1
4642,random,0.7201421499375862,1
4643,random,0.42460743848830035,1
4644,random,0.5233948999068104,1
4645,random,0.13260636786454932,1
4646,random,0.49647714269049,1
4647,random,0.588194261146039,1
4648,random,0.7491351730154114,1
4649,random,0.4417912384688058,1
4650,random,0.3077290865555289,1
4651,random,0.60986753808723,1
4652,random,0.700917884250701,1
4653,random,0.30456568783638227,1
4654,random,0.7553919240411915,1
4655,random,0.8796659790893693,1
4656,random,0.868818946715567,1
4657,random,0.7649374968159071,1
4658,random,0.08396515824471014,0
4659,random,0.4382155589077654,1
4660,random,0.08610952321149065,0
4661,random,0.5955318546741637,1
4662,random,0.8947173638563322,1
4663,random,0.23327007580632686,1
4664,random,0.4511736975623053,1
4665,random,0.3029681637859977,1
4666,random,0.2563466025730806,1
4667,random,0.936144850174613,1
4668,random,0.31731712896883363,1
4669,random,0.9801057286172448,1
4670,random,0.8051812739456267,1
4671,random,0.9635534683069085,1
4672,random,0.5988859095193021,1
4673,random,0.3406475926170933,1
4674,random,0.7442751023922334,1
4675,random,0.6261762155918812,1
4676,random,0.19328708369929365,1
4677,random,0.6825563888662077,1
4678,random,0.39248904972531584,1
4679,random,0.7478770733322191,1
4680,random,0.6900408220288115,1
4681,random,0.6543469070457422,1
4682,random,0.5077620277638405,1
4683,random,0.2631905364398593,1
4684,random,0.867814797012014,1
4685,random,0.6671777784087701,1
4686,random,0.7239017879384358,1
4687,random,0.42706722480819126,1
4688,random,0.15685332929845083,1
4689,random,0.488104853280326,1
4690,random,0.49234784761282463,1
4691,random,0.726364117979441,1
4692,random,0.9286248258651144,1
4693,random,0.47925691639380896,1
4694,random,0.5173529387490982,1
4695,random,0.6056851123880344,1
4696,random,0.6850828625673488,1
4697,random,0.7286486891508952,1
4698,random,0.9353502634450277,1
4699,random,0.984253962819351,1
4700,random,0.5588232452789734,1
4701,random,0.6900240087522251,1
4702,random,0.7517860485741757,1
4703,random,0.7903622010730625,1
4704,random,0.4873958210314758,1
4705,random,0.41697791486321467,1
4706,random,0.6527871190581689,1
4707,random,0.44331173547964436,1
4708,random,0.2291811132626755,1
4709,random,0.4475669516627724,1
4710,random,0.5724893895637604,1
4711,random,0.6969517120588552,1
4712,random,0.8251854112174288,1
4713,random,0.565622960099593,1
4714,random,0.9683648578600242,1
4715,random,0.6858955383533162,1
4716,random,0.6259163214057115,1
4717,random,0.7569134160319122,1
4718,random,0.5906922402905465,1
4719,random,0.7253759165433808,1
4720,random,0.47095430283816114,1
4721,random,0.5157335209923514,1
4722,random,0.5480267053168708,1
4723,random,0.5753169028110149,1
4724,random,0.48556423749211847,1
4725,random,0.2224807511142894,1
4726,random,0.7573426488410183,1
4727,random,0.6401699006455376,1
4728,random,0.7771930730315485,1
4729,random,0.3887108873473147,1
4730,random,0.8069947293644434,1
4731,random,0.4627230025638049,1
4732,random,0.26029127172374666,1
4733,random,0.9960652252969787,1
4734,random,0.5299599845155756,1
4735,random,0.9857671084118536,1
4736,random,0.9466488306694321,1
4737,random,0.8253922520713164,1
4738,random,0.8225389921182787,1
4739,random,0.5623848905266002,1
4740,random,0.8057128571605259,1
4741,random,0.5791548293658176,1
4742,random,0.9593061188162553,1
4743,random,0.5676733413730204,1
4744,random,0.926705469410296,1
4745,random,0.4872084219862753,1
4746,random,0.6397891467383664,1
4747,random,0.4505575267223867,1
4748,random,0.6723600049355334,1
4749,random,0.44955008767308596,1
4750,random,0.550427211974703,1
4751,random,0.2054521352305963,1
4752,random,0.7892933058084461,1
4753,random,0.805685445398877,1
4754,random,0.667866069324194,1
4755,random,0.8108370028943025,1
4756,random,0.2658021383893175,1
4757,random,0.637132391526964,1
4758,random,0.7377083253628269,1
4759,random,0.8911187248605071,1
4760,random,0.6136995306912558,1
4761,random,0.24980489463075684,1
4762,random,0.7531379555495624,1
4763,random,0.700551980941622,1
4764,random,0.8680615352099502,1
4765,random,0.7609072061339568,1
4766,random,0.9570661014298895,1
4767,random,0.8585288718209336,1
4768,random,0.5439601491200066,1
4769,random,0.6912351511106299,1
4770,random,0.4762353695730818,1
4771,random,0.7920297316434739,1
4772,random,0.4933761485695906,1
4773,random,0.8203540312489168,1
4774,random,0.04268190162431397,0
4775,random,0.6272436302833941,1
4776,random,0.3800916398233904,1
4777,random,0.6575224173928054,1
4778,random,0.5004853728037718,1
4779,random,0.21743614197216635,1
4780,random,0.5655689525258989,1
4781,random,0.6976216423178532,1
4782,random,0.25805405280428195,1
4783,random,0.48696645807480865,1
4784,random,0.6718383024527543,1
4785,random,0.6080420285426917,1
4786,random,0.4641689975108025,1
4787,random,0.4861960981596386,1
4788,random,0.8681043947969215,1
4789,random,0.4803797424246772,1
4790,random,0.7366179837031083,1
4791,random,0.8471063041071053,1
4792,random,0.898087950010472,1
4793,random,0.6237801987323044,1
4794,random,0.5604990449594895,1
4795,random,0.23771642242635083,1
4796,random,0.1103613176554229,1
4797,random,0.7264796459206929,1
4798,random,0.35158313369534894,1
4799,random,0.0650440373673274,0
4800,random,0.2892552211391759,1
4801,random,0.2522380827022629,1
4802,random,0.8248180668295412,1
4803,random,0.4041477011611651,1
4804,random,0.7473601954449498,1
4805,random,0.8241772052911598,1
4806,random,0.6656657953042013,1
4807,random,0.6768807924501651,1
4808,random,0.5905567202437546,1
4809,random,0.48781264782761335,1
4810,random,0.501464461619031,1
4811,random,0.8212588642704562,1
4812,random,0.5609338038835926,1
4813,random,0.7909981975658974,1
4814,random,0.48862006376498324,1
4815,random,0.7119896571255534,1
4816,random,0.4188820325155976,1
4817,random,0.8503748152734768,1
4818,random,0.26509448806628333,1
4819,random,0.9172208625695906,1
4820,random,0.24235773270011862,1
4821,random,0.18229232268238907,1
4822,random,0.7389865201329541,1
4823,random,0.6291557905487108,1
4824,random,0.5455261645868051,1
4825,random,0.26794742019767553,1
4826,random,0.08160768967658338,0
4827,random,0.5767491959804334,1
4828,random,0.8735852970889761,1
4829,random,0.3270565927767285,1
4830,random,0.5352268217929823,1
4831,random,0.8333168081321549,1
4832,random,0.8944408662586473,1
4833,random,0.8829462988397679,1
4834,random,0.2875413056029022,1
4835,random,0.3331287046250174,1
4836,random,0.7115918095414369,1
4837,random,0.5238997929480782,1
4838,random,0.5147064420705606,1
4839,random,0.11638250047817147,1
4840,random,0.9026896176823201,1
4841,random,0.5453709295438726,1
4842,random,0.4269909987638748,1
4843,random,0.4953956408210879,1
4844,random,0.6294662714782054,1
4845,random,0.3133199066251262,1
4846,random,0.41476094627000304,1
4847,random,0.8472482268079763,1
4848,random,0.7175554628848896,1
4849,random,0.7973288194257162,1
4850,random,0.7163291126345523,1
4851,random,0.67678164409899,1
4852,random,0.5817439838486201,1
4853,random,0.562945540989673,1
4854,random,0.3987732237765236,1
4855,random,0.7400677685904451,1
4856,random,0.19348657654617257,1
4857,random,0.7193663638517249,1
4858,random,0.10715051188581441,1
4859,random,0.9469872138072016,1
4860,random,0.5188080317570674,1
4861,random,0.8197217435584364,1
4862,random,0.33837374700120915,1
4863,random,0.8229679853903257,1
4864,random,0.7869662549299513,1
4865,random,0.9373645369560869,1
4866,random,0.2991590799608266,1
4867,random,0.3581026537021588,1
4868,random,0.7337342605505828,1
4869,random,0.6172039622013135,1
4870,random,0.44484162227901586,1
4871,random,0.5639582576402173,1
4872,random,0.6299660475144329,1
4873,random,0.306568508317372,1
4874,random,0.6866595209311712,1
4875,random,0.8060152009355415,1
4876,random,0.4811620472104869,1
4877,random,0.9432376273606724,1
4878,random,0.369977470936713,1
4879,random,0.44250708461793087,1
4880,random,0.7497523279300385,1
4881,random,0.9489908485225238,1
4882,random,0.8288569009270383,1
4883,random,0.6675646429868705,1
4884,random,0.19625182458382842,1
4885,random,0.2885306118883776,1
4886,random,0.7655534203164961,1
4887,random,0.6673879550331578,1
4888,random,0.058777009274669216,0
4889,random,0.4153320496679509,1
4890,random,0.3830034381793304,1
4891,random,0.5369956853487076,1
4892,random,0.3403659688558055,1
4893,random,0.6868641349330361,1
4894,random,0.4128029595742663,1
4895,random,0.8190895779529541,1
4896,random,0.5684859949254846,1
4897,random,0.4276558589713398,1
4898,random,0.4193331821434711,1
4899,random,0.8732001041976828,1
4900,random,0.6129716671473809,1
4901,random,0.5864017541188388,1
4902,random,0.4758252225357893,1
4903,random,0.6482394299818809,1
4904,random,0.8121564245677392,1
4905,random,0.6259563997492475,1
4906,random,0.5132274092911693,1
4907,random,0.4714366103377675,1
4908,random,0.7337528691848015,1
4909,random,0.496920666971857,1
4910,random,0.791820472369704,1
4911,random,0.5573539868293014,1
4912,random,0.9566714625391447,1
4913,random,0.7061401081747057,1
4914,random,0.529452752165814,1
4915,random,0.8455166581588957,1
4916,random,0.2229154878027732,1
4917,random,0.9210523256315126,1
4918,random,0.6843650532609259,1
4919,random,0.4937595079275086,1
4920,random,0.6309949437048978,1
4921,random,0.7567519875769478,1
4922,random,0.8985062656837182,1
4923,random,0.10110459643866845,1
4924,random,0.45003640439281284,1
4925,random,0.7234307801381246,1
4926,random,0.49243426695371734,1
4927,random,0.8915896507723056,1
4928,random,0.5573369938336623,1
4929,random,0.6622259917465195,1
4930,random,0.2293528700945696,1
4931,random,0.5999857683793215,1
4932,random,0.5856216834858147,1
4933,random,0.7648257423578284,1
4934,random,0.2959248645930743,1
4935,random,0.5936184013207872,1
4936,random,0.5729219069502397,1
4937,random,0.8202957811386049,1
4938,random,0.6843438157107427,1
4939,random,0.44193684690201485,1
4940,random,0.6321831396096996,1
4941,random,0.7791537093783959,1
4942,random,0.365040873891585,1
4943,random,0.7811211182174052,1
4944,random,0.7643151368354792,1
4945,random,0.7821958976831365,1
4946,random,0.7189121060770081,1
4947,random,0.8883935624627989,1
4948,random,0.5683429032226978,1
4949,random,0.4904094704691364,1
4950,random,0.8255850488203879,1
4951,random,0.8920515265862983,1
4952,random,0.6469681692102005,1
4953,random,0.46411307912565813,1
4954,random,0.7181852699402461,1
4955,random,0.6516392042196915,1
4956,random,0.48532515642701035,1
4957,random,0.6945728852841149,1
4958,random,0.723954799516959,1
4959,random,0.24564601685766307,1
4960,random,0.5464306410465298,1
4961,random,0.627165342589372,1
4962,random,0.8049727703346483,1
4963,random,0.9508571742562145,1
4964,random,0.877254363991004,1
4965,random,0.4938007056855078,1
4966,random,0.5813671198422679,1
4967,random,0.8435935581163996,1
4968,random,0.5561523974627695,1
4969,random,0.7249183061830594,1
4970,random,0.6812918524820641,1
4971,random,0.7573811786273398,1
4972,random,0.7982141316790476,1
4973,random,0.32863372838692534,1
4974,random,0.5840248932632132,1
4975,random,0.9085596774695173,1
4976,random,0.7127196277526732,1
4977,random,0.7922179546728827,1
4978,random,0.5723899665702327,1
4979,random,0.9510251282410008,1
4980,random,0.6032074323328496,1
4981,random,0.9349069019196495,1
4982,random,0.6060767813600818,1
4983,random,0.6745113339423596,1
4984,random,0.8727043140509804,1
4985,random,0.6964172825915556,1
4986,random,0.23272891872722104,1
4987,random,0.6045199585595831,1
4988,random,0.6287865695691371,1
4989,random,0.35814265623211333,1
4990,random,0.7392180413166295,1
4991,random,0.459493290294148,1
4992,random,0.3775918941934707,1
4993,random,0.6607499585179101,1
4994,random,0.9914598552109759,1
4995,random,0.7567299940867255,1
4996,random,0.5121371464517419,1
4997,random,0.8459846026770673,1
4998,random,0.27807431102497254,1
4999,random,0.6456729197127202,1
